새주소,지번주소,location1,location2,테마코드,콘텐츠 코드,"언어셋(KOR : 국문, ENG : 영문, JP : 일문, CHA : 중문-간체, CHB : 중문-번체)",콘텐츠 명,시도명(텍스트),구명,동명,산지여부,주 번지,부 번지,기타주소,전화번호,상세정보 값 1,상세정보 값 2,상세정보 값 3,상세정보 값 4,상세정보 값 5,상세정보 값 6,상세정보 값 7,상세정보 값 8,상세정보 값 9,상세정보 값 10,상세정보 값 11,상세정보 값 12,상세정보 값 13,상세정보 값 14,상세정보 값 15,상세정보 값 16,상세정보 값 17,상세정보 값 18,상세정보 값 19,상세정보 값 20,상세정보 이름 1,상세정보 이름 2,상세정보 이름 3,상세정보 이름 4,상세정보 이름 5,상세정보 이름 6,상세정보 이름 7,상세정보 이름 8,상세정보 이름 9,상세정보 이름 10,상세정보 이름 11,상세정보 이름 12,상세정보 이름 13,상세정보 이름 14,상세정보 이름 15,상세정보 이름 16,상세정보 이름 17,상세정보 이름 18,상세정보 이름 19,상세정보 이름 20,좌표데이터,좌표 타입 (1:Point 3:Polyline 4:MultiPolyline 5:Polygon 6:MultiPolygon 8:multiPoint),선 두께 1~10,테마 선 색상,키워드,등록일,수정일
서울특별시 종로구 지봉로 86,서울특별시 종로구 숭인동 55-2,127.0156271,37.57782264,100180,wtb_01_01_001,KOR,숭인1동 주민센터,,종로구,,,,,,1899-4708,여성1인가구 등을 위해 다세대주택 지역에 무인택배함을 설치하여 낯선 사람을 대면하지 않고 택배를 수령할 수 있는 서비스,택배 주문 시 배송란에 여성안심택배함 주소 입력  → 택배가 도착하면 휴대폰 문자로 인증번호 수신 → 택배함으로 와서 인증번호 입력 후 택배 찾기 ※택배도착 후 48시간 까지만 무료이며 이후부터 하루당 1천원씩 요금 발생,입구 우측,,,,,,,,,,,,,,,,,,여성안심택배함이란?,이용 방법,자세한 위치,,,,,,,,,,,,,,,,,,,1,4,#0000FF,,2018.6.28 10:14,2018.6.28 10:14
서울특별시 종로구 성균관로1길 6-3,서울특별시 종로구 명륜3가 147-1,126.9977739,37.58343321,100180,wtb_01_02_002,KOR,종로육아종합지원센터,,종로구,,,,,,1899-4708,여성1인가구 등을 위해 다세대주택 지역에 무인택배함을 설치하여 낯선 사람을 대면하지 않고 택배를 수령할 수 있는 서비스,택배 주문 시 배송란에 여성안심택배함 주소 입력  → 택배가 도착하면 휴대폰 문자로 인증번호 수신 → 택배함으로 와서 인증번호 입력 후 택배 찾기 ※택배도착 후 48시간 까지만 무료이며 이후부터 하루당 1천원씩 요금 발생,주차장 후면,,,,,,,,,,,,,,,,,,여성안심택배함이란?,이용 방법,자세한 위치,,,,,,,,,,,,,,,,,,,1,4,#0000FF,,2018.6.28 10:14,2018.6.28 10:14
서울특별시 노원구 동일로186길 3-24,서울특별시 노원구 공릉동 499-25,127.0737519,37.62478571,100180,wtb_01_03_003,KOR,공릉1동 주민센터,,노원구,,,,,,1899-4708,여성1인가구 등을 위해 다세대주택 지역에 무인택배함을 설치하여 낯선 사람을 대면하지 않고 택배를 수령할 수 있는 서비스,택배 주문 시 배송란에 여성안심택배함 주소 입력  → 택배가 도착하면 휴대폰 문자로 인증번호 수신 → 택배함으로 와서 인증번호 입력 후 택배 찾기 ※택배도착 후 48시간 까지만 무료이며 이후부터 하루당 1천원씩 요금 발생,주민센터 2층 출입문 오른쪽,,,,,,,,,,,,,,,,,,여성안심택배함이란?,이용 방법,자세한 위치,,,,,,,,,,,,,,,,,,,1,4,#0000FF,,2018.6.28 10:14,2018.6.28 10:14
서울특별시 종로구 자하문로19길 36,서울특별시 종로구 옥인동 45-30,126.9692405,37.58183108,100180,wtb_01_04_171,KOR,청운효자동 자치회관,,종로구,,,,,,1899-4708,여성1인가구 등을 위해 다세대주택 지역에 무인택배함을 설치하여 낯선 사람을 대면하지 않고 택배를 수령할 수 있는 서비스,택배 주문 시 배송란에 여성안심택배함 주소 입력  → 택배가 도착하면 휴대폰 문자로 인증번호 수신 → 택배함으로 와서 인증번호 입력 후 택배 찾기 ※택배도착 후 48시간 까지만 무료이며 이후부터 하루당 1천원씩 요금 발생,정문입구 왼편,,,,,,,,,,,,,,,,,,여성안심택배함이란?,이용 방법,자세한 위치,,,,,,,,,,,,,,,,,,,1,4,#0000FF,,2018.6.28 10:14,2018.6.28 10:14
서울특별시 중구 다산로8길 32,서울특별시 중구 신당동 372-87,127.0112037,37.5523646,100180,wtb_02_01_004,KOR,약수교회 식당입구,,중구,,,,,,1899-4708,여성1인가구 등을 위해 다세대주택 지역에 무인택배함을 설치하여 낯선 사람을 대면하지 않고 택배를 수령할 수 있는 서비스,택배 주문 시 배송란에 여성안심택배함 주소 입력  → 택배가 도착하면 휴대폰 문자로 인증번호 수신 → 택배함으로 와서 인증번호 입력 후 택배 찾기 ※택배도착 후 48시간 까지만 무료이며 이후부터 하루당 1천원씩 요금 발생,교회 후문,,,,,,,,,,,,,,,,,,여성안심택배함이란?,이용 방법,자세한 위치,,,,,,,,,,,,,,,,,,,1,4,#0000FF,,2018.6.28 10:14,2018.6.28 10:14
동호로 241,중구 장충동2가 200-102,127.0071644,37.55837688,100180,wtb_02_02_005,KOR,장충체육관 후문,,중구,,,,,,1899-4708,여성1인가구 등을 위해 다세대주택 지역에 무인택배함을 설치하여 낯선 사람을 대면하지 않고 택배를 수령할 수 있는 서비스,택배 주문 시 배송란에 여성안심택배함 주소 입력  → 택배가 도착하면 휴대폰 문자로 인증번호 수신 → 택배함으로 와서 인증번호 입력 후 택배 찾기 ※택배도착 후 48시간 까지만 무료이며 이후부터 하루당 1천원씩 요금 발생,후문 주차장 입구,,,,,,,,,,,,,,,,,,여성안심택배함이란?,이용 방법,자세한 위치,,,,,,,,,,,,,,,,,,,1,2,#0000FF,,2018.6.28 10:14,2018.8.6 13:34
서울특별시 중구 퇴계로20길 3,서울특별시 중구 남산동2가 9-6,126.9858457,37.56005859,100180,wtb_02_03_006,KOR,명동주민센터,,중구,,,,,,1899-4708,여성1인가구 등을 위해 다세대주택 지역에 무인택배함을 설치하여 낯선 사람을 대면하지 않고 택배를 수령할 수 있는 서비스,택배 주문 시 배송란에 여성안심택배함 주소 입력  → 택배가 도착하면 휴대폰 문자로 인증번호 수신 → 택배함으로 와서 인증번호 입력 후 택배 찾기 ※택배도착 후 48시간 까지만 무료이며 이후부터 하루당 1천원씩 요금 발생,입구 우측 벽면,,,,,,,,,,,,,,,,,,여성안심택배함이란?,이용 방법,자세한 위치,,,,,,,,,,,,,,,,,,,1,4,#0000FF,,2018.6.28 10:14,2018.6.28 10:14
서울특별시 중구 동호로17길 270,서울특별시 중구 신당동 432-1627,127.0062759,37.54906871,100180,wtb_02_04_171,KOR,버티 공영주차장,,중구,,,,,,1899-4708,여성1인가구 등을 위해 다세대주택 지역에 무인택배함을 설치하여 낯선 사람을 대면하지 않고 택배를 수령할 수 있는 서비스,택배 주문 시 배송란에 여성안심택배함 주소 입력  → 택배가 도착하면 휴대폰 문자로 인증번호 수신 → 택배함으로 와서 인증번호 입력 후 택배 찾기 ※택배도착 후 48시간 까지만 무료이며 이후부터 하루당 1천원씩 요금 발생,정문입구,,,,,,,,,,,,,,,,,,여성안심택배함이란?,이용 방법,자세한 위치,,,,,,,,,,,,,,,,,,,1,4,#0000FF,,2018.6.28 10:14,2018.6.28 10:14
서울특별시 용산구 두텁바위로 25,서울특별시 용산구 갈월동 51-19,126.9748244,37.54577435,100180,wtb_03_01_007,KOR,갈월종합사회복지관,,용산구,,,,,,1899-4708,여성1인가구 등을 위해 다세대주택 지역에 무인택배함을 설치하여 낯선 사람을 대면하지 않고 택배를 수령할 수 있는 서비스,택배 주문 시 배송란에 여성안심택배함 주소 입력  → 택배가 도착하면 휴대폰 문자로 인증번호 수신 → 택배함으로 와서 인증번호 입력 후 택배 찾기 ※택배도착 후 48시간 까지만 무료이며 이후부터 하루당 1천원씩 요금 발생,주차장,,,,,,,,,,,,,,,,,,여성안심택배함이란?,이용 방법,자세한 위치,,,,,,,,,,,,,,,,,,,1,4,#0000FF,,2018.6.28 10:14,2018.6.28 10:14
서울특별시 용산구 녹사평대로 150,서울특별시 용산구 이태원동 34-87,126.9901796,37.53256435,100180,wtb_03_02_008,KOR,용산구청후문,,용산구,,,,,,1899-4708,여성1인가구 등을 위해 다세대주택 지역에 무인택배함을 설치하여 낯선 사람을 대면하지 않고 택배를 수령할 수 있는 서비스,택배 주문 시 배송란에 여성안심택배함 주소 입력  → 택배가 도착하면 휴대폰 문자로 인증번호 수신 → 택배함으로 와서 인증번호 입력 후 택배 찾기 ※택배도착 후 48시간 까지만 무료이며 이후부터 하루당 1천원씩 요금 발생,자전거 보관대 옆,,,,,,,,,,,,,,,,,,여성안심택배함이란?,이용 방법,자세한 위치,,,,,,,,,,,,,,,,,,,1,4,#0000FF,,2018.6.28 10:14,2018.6.28 10:14
서울특별시 용산구 이태원로 224-19,서울특별시 용산구 한남동 685-46,127.0002161,37.5349277,100180,wtb_03_03_009,KOR,한남동공영주차장,,용산구,,,,,,1899-4708,여성1인가구 등을 위해 다세대주택 지역에 무인택배함을 설치하여 낯선 사람을 대면하지 않고 택배를 수령할 수 있는 서비스,택배 주문 시 배송란에 여성안심택배함 주소 입력  → 택배가 도착하면 휴대폰 문자로 인증번호 수신 → 택배함으로 와서 인증번호 입력 후 택배 찾기 ※택배도착 후 48시간 까지만 무료이며 이후부터 하루당 1천원씩 요금 발생,주차장건물 1층,,,,,,,,,,,,,,,,,,여성안심택배함이란?,이용 방법,자세한 위치,,,,,,,,,,,,,,,,,,,1,4,#0000FF,,2018.6.28 10:14,2018.6.28 10:14
서울특별시 용산구 효창원로 161,서울특별시 용산구 효창동 255-5,126.9618024,37.54254005,100180,wtb_03_04_010,KOR,효창동주민센터,,용산구,,,,,,1899-4708,여성1인가구 등을 위해 다세대주택 지역에 무인택배함을 설치하여 낯선 사람을 대면하지 않고 택배를 수령할 수 있는 서비스,택배 주문 시 배송란에 여성안심택배함 주소 입력  → 택배가 도착하면 휴대폰 문자로 인증번호 수신 → 택배함으로 와서 인증번호 입력 후 택배 찾기 ※택배도착 후 48시간 까지만 무료이며 이후부터 하루당 1천원씩 요금 발생,입구 우측 벽면,,,,,,,,,,,,,,,,,,여성안심택배함이란?,이용 방법,자세한 위치,,,,,,,,,,,,,,,,,,,1,4,#0000FF,,2018.6.28 10:14,2018.6.28 10:14
서울특별시 용산구 신흥로 90,서울특별시 용산구 용산동2가 11-13,126.9854967,37.54594471,100180,wtb_03_05_011,KOR,용산치안센터,,용산구,,,,,,1899-4708,여성1인가구 등을 위해 다세대주택 지역에 무인택배함을 설치하여 낯선 사람을 대면하지 않고 택배를 수령할 수 있는 서비스,택배 주문 시 배송란에 여성안심택배함 주소 입력  → 택배가 도착하면 휴대폰 문자로 인증번호 수신 → 택배함으로 와서 인증번호 입력 후 택배 찾기 ※택배도착 후 48시간 까지만 무료이며 이후부터 하루당 1천원씩 요금 발생,치안센터 입구 우측 주차장,,,,,,,,,,,,,,,,,,여성안심택배함이란?,이용 방법,자세한 위치,,,,,,,,,,,,,,,,,,,1,4,#0000FF,,2018.6.28 10:14,2018.6.28 10:14
효창원로86길 33,용산구 청파동2가 1-157,126.9656698,37.5467136,100180,wtb_03_06_172,KOR,숙대 명재관 인근,,용산구,,,,,,1899-4708,여성1인가구 등을 위해 다세대주택 지역에 무인택배함을 설치하여 낯선 사람을 대면하지 않고 택배를 수령할 수 있는 서비스,택배 주문 시 배송란에 여성안심택배함 주소 입력  → 택배가 도착하면 휴대폰 문자로 인증번호 수신 → 택배함으로 와서 인증번호 입력 후 택배 찾기 ※택배도착 후 48시간 까지만 무료이며 이후부터 하루당 1천원씩 요금 발생,명재관 입구 우측 주차구역 옆,,,,,,,,,,,,,,,,,,여성안심택배함이란?,이용 방법,자세한 위치,,,,,,,,,,,,,,,,,,,1,2,#0000FF,,2018.6.28 10:14,2018.8.7 14:31
서울특별시 성동구 왕십리로21라길 11,서울특별시 성동구 하왕십리동 978-1,127.0305453,37.56053503,100180,wtb_04_01_012,KOR,이든 아이빌,,성동구,,,,,,1899-4708,여성1인가구 등을 위해 다세대주택 지역에 무인택배함을 설치하여 낯선 사람을 대면하지 않고 택배를 수령할 수 있는 서비스,택배 주문 시 배송란에 여성안심택배함 주소 입력  → 택배가 도착하면 휴대폰 문자로 인증번호 수신 → 택배함으로 와서 인증번호 입력 후 택배 찾기 ※택배도착 후 48시간 까지만 무료이며 이후부터 하루당 1천원씩 요금 발생,1층 주차장 앞,,,,,,,,,,,,,,,,,,여성안심택배함이란?,이용 방법,자세한 위치,,,,,,,,,,,,,,,,,,,1,4,#0000FF,,2018.6.28 10:14,2018.6.28 10:14
서울특별시 성동구 고산자로10길 9,서울특별시 성동구 행당동 142-4,127.0349324,37.55917249,100180,wtb_04_02_013,KOR,성동구립도서관,,성동구,,,,,,1899-4708,여성1인가구 등을 위해 다세대주택 지역에 무인택배함을 설치하여 낯선 사람을 대면하지 않고 택배를 수령할 수 있는 서비스,택배 주문 시 배송란에 여성안심택배함 주소 입력  → 택배가 도착하면 휴대폰 문자로 인증번호 수신 → 택배함으로 와서 인증번호 입력 후 택배 찾기 ※택배도착 후 48시간 까지만 무료이며 이후부터 하루당 1천원씩 요금 발생,도서관 입구 우측(도서반납합 옆),,,,,,,,,,,,,,,,,,여성안심택배함이란?,이용 방법,자세한 위치,,,,,,,,,,,,,,,,,,,1,4,#0000FF,,2018.6.28 10:14,2018.6.28 10:14
동호로8다길 22,중구 신당동 349-234,127.0134605,37.55221748,100180,wtb_04_03_014,KOR,약수동 공영주차장,,중구,,,,,,1899-4708,여성1인가구 등을 위해 다세대주택 지역에 무인택배함을 설치하여 낯선 사람을 대면하지 않고 택배를 수령할 수 있는 서비스,택배 주문 시 배송란에 여성안심택배함 주소 입력  → 택배가 도착하면 휴대폰 문자로 인증번호 수신 → 택배함으로 와서 인증번호 입력 후 택배 찾기 ※택배도착 후 48시간 까지만 무료이며 이후부터 하루당 1천원씩 요금 발생,주차장 입구 들어가서 우측벽면,,,,,,,,,,,,,,,,,,여성안심택배함이란?,이용 방법,자세한 위치,,,,,,,,,,,,,,,,,,,1,2,#0000FF,,2018.6.28 10:14,2018.8.7 15:40
왕십리로 89,성동구 성수동1가 685-697,127.0444267,37.54563967,100180,wtb_04_04_174,KOR,성동구민종합체육센터,,성동구,,,,,,1899-4708,여성1인가구 등을 위해 다세대주택 지역에 무인택배함을 설치하여 낯선 사람을 대면하지 않고 택배를 수령할 수 있는 서비스,택배 주문 시 배송란에 여성안심택배함 주소 입력  → 택배가 도착하면 휴대폰 문자로 인증번호 수신 → 택배함으로 와서 인증번호 입력 후 택배 찾기 ※택배도착 후 48시간 까지만 무료이며 이후부터 하루당 1천원씩 요금 발생,정문입구 옆,,,,,,,,,,,,,,,,,,여성안심택배함이란?,이용 방법,자세한 위치,,,,,,,,,,,,,,,,,,,1,2,#0000FF,,2018.6.28 10:14,2018.8.7 15:23
서울특별시 광진구 아차산로30길 36,서울특별시 광진구 자양동 9-13,127.0667172,37.53940433,100180,wtb_05_01_015,KOR,동부여성발전센터,,광진구,,,,,,1899-4708,여성1인가구 등을 위해 다세대주택 지역에 무인택배함을 설치하여 낯선 사람을 대면하지 않고 택배를 수령할 수 있는 서비스,택배 주문 시 배송란에 여성안심택배함 주소 입력  → 택배가 도착하면 휴대폰 문자로 인증번호 수신 → 택배함으로 와서 인증번호 입력 후 택배 찾기 ※택배도착 후 48시간 까지만 무료이며 이후부터 하루당 1천원씩 요금 발생,입구 우측,,,,,,,,,,,,,,,,,,여성안심택배함이란?,이용 방법,자세한 위치,,,,,,,,,,,,,,,,,,,1,4,#0000FF,,2018.6.28 10:14,2018.6.28 10:14
서울특별시 광진구 아차산로30길 36,서울특별시 광진구 자양동 9-13,127.0667172,37.53940433,100180,wtb_05_02_016,KOR,동부여성발전센터2,,광진구,,,,,,1899-4708,여성1인가구 등을 위해 다세대주택 지역에 무인택배함을 설치하여 낯선 사람을 대면하지 않고 택배를 수령할 수 있는 서비스,택배 주문 시 배송란에 여성안심택배함 주소 입력  → 택배가 도착하면 휴대폰 문자로 인증번호 수신 → 택배함으로 와서 인증번호 입력 후 택배 찾기 ※택배도착 후 48시간 까지만 무료이며 이후부터 하루당 1천원씩 요금 발생,입구 우측,,,,,,,,,,,,,,,,,,여성안심택배함이란?,이용 방법,자세한 위치,,,,,,,,,,,,,,,,,,,1,4,#0000FF,,2018.6.28 10:14,2018.6.28 10:14
서울특별시 광진구 뚝섬로26길 58,서울특별시 광진구 자양동 63-1,127.0662599,37.5340959,100180,wtb_05_03_017,KOR,자양4동 주민센터,,광진구,,,,,,1899-4708,여성1인가구 등을 위해 다세대주택 지역에 무인택배함을 설치하여 낯선 사람을 대면하지 않고 택배를 수령할 수 있는 서비스,택배 주문 시 배송란에 여성안심택배함 주소 입력  → 택배가 도착하면 휴대폰 문자로 인증번호 수신 → 택배함으로 와서 인증번호 입력 후 택배 찾기 ※택배도착 후 48시간 까지만 무료이며 이후부터 하루당 1천원씩 요금 발생,입구 왼쪽 자전거보관소 뒤,,,,,,,,,,,,,,,,,,여성안심택배함이란?,이용 방법,자세한 위치,,,,,,,,,,,,,,,,,,,1,4,#0000FF,,2018.6.28 10:14,2018.6.28 10:14
서울특별시 광진구 능동로17길 39,서울특별시 광진구 화양동 122,127.0713008,37.54653202,100180,wtb_05_04_018,KOR,화양동주민센터,,광진구,,,,,,1899-4708,여성1인가구 등을 위해 다세대주택 지역에 무인택배함을 설치하여 낯선 사람을 대면하지 않고 택배를 수령할 수 있는 서비스,택배 주문 시 배송란에 여성안심택배함 주소 입력  → 택배가 도착하면 휴대폰 문자로 인증번호 수신 → 택배함으로 와서 인증번호 입력 후 택배 찾기 ※택배도착 후 48시간 까지만 무료이며 이후부터 하루당 1천원씩 요금 발생,카페 우측,,,,,,,,,,,,,,,,,,여성안심택배함이란?,이용 방법,자세한 위치,,,,,,,,,,,,,,,,,,,1,4,#0000FF,,2018.6.28 10:14,2018.6.28 10:14
서울특별시 광진구 긴고랑로 110,서울특별시 광진구 중곡동 125-11,127.0871649,37.55941939,100180,wtb_05_05_019,KOR,중곡종합건강센터,,광진구,,,,,,1899-4708,여성1인가구 등을 위해 다세대주택 지역에 무인택배함을 설치하여 낯선 사람을 대면하지 않고 택배를 수령할 수 있는 서비스,택배 주문 시 배송란에 여성안심택배함 주소 입력  → 택배가 도착하면 휴대폰 문자로 인증번호 수신 → 택배함으로 와서 인증번호 입력 후 택배 찾기 ※택배도착 후 48시간 까지만 무료이며 이후부터 하루당 1천원씩 요금 발생,후문 벽면,,,,,,,,,,,,,,,,,,여성안심택배함이란?,이용 방법,자세한 위치,,,,,,,,,,,,,,,,,,,1,4,#0000FF,,2018.6.28 10:14,2018.6.28 10:14
서울특별시 광진구 능동로 433,서울특별시 광진구 중곡동 168-8,127.0847506,37.56780293,100180,wtb_05_06_020,KOR,중곡문화체육센터,,광진구,,,,,,1899-4708,여성1인가구 등을 위해 다세대주택 지역에 무인택배함을 설치하여 낯선 사람을 대면하지 않고 택배를 수령할 수 있는 서비스,택배 주문 시 배송란에 여성안심택배함 주소 입력  → 택배가 도착하면 휴대폰 문자로 인증번호 수신 → 택배함으로 와서 인증번호 입력 후 택배 찾기 ※택배도착 후 48시간 까지만 무료이며 이후부터 하루당 1천원씩 요금 발생,자전거보관대 옆,,,,,,,,,,,,,,,,,,여성안심택배함이란?,이용 방법,자세한 위치,,,,,,,,,,,,,,,,,,,1,4,#0000FF,,2018.6.28 10:14,2018.6.28 10:14
서울특별시 광진구 자양번영로 35,서울특별시 광진구 자양동 581-2,127.0752387,37.53290214,100180,wtb_05_07_021,KOR,자양종합사회복지관,,광진구,,,,,,1899-4708,여성1인가구 등을 위해 다세대주택 지역에 무인택배함을 설치하여 낯선 사람을 대면하지 않고 택배를 수령할 수 있는 서비스,택배 주문 시 배송란에 여성안심택배함 주소 입력  → 택배가 도착하면 휴대폰 문자로 인증번호 수신 → 택배함으로 와서 인증번호 입력 후 택배 찾기 ※택배도착 후 48시간 까지만 무료이며 이후부터 하루당 1천원씩 요금 발생,입구 좌측 무대,,,,,,,,,,,,,,,,,,여성안심택배함이란?,이용 방법,자세한 위치,,,,,,,,,,,,,,,,,,,1,4,#0000FF,,2018.6.28 10:14,2018.6.28 10:14
자양로 309,광진구 구의동 30-15,127.0931381,37.55308411,100180,wtb_05_08_175,KOR,구의2동 공동주차장,,광진구,,,,,,1899-4708,여성1인가구 등을 위해 다세대주택 지역에 무인택배함을 설치하여 낯선 사람을 대면하지 않고 택배를 수령할 수 있는 서비스,택배 주문 시 배송란에 여성안심택배함 주소 입력  → 택배가 도착하면 휴대폰 문자로 인증번호 수신 → 택배함으로 와서 인증번호 입력 후 택배 찾기 ※택배도착 후 48시간 까지만 무료이며 이후부터 하루당 1천원씩 요금 발생,정문입구,,,,,,,,,,,,,,,,,,여성안심택배함이란?,이용 방법,자세한 위치,,,,,,,,,,,,,,,,,,,1,2,#0000FF,,2018.6.28 10:14,2018.8.6 10:14
서울특별시 광진구 긴고랑로36길 56,서울특별시 광진구 중곡동 88-9,127.0907892,37.55696785,100180,wtb_05_09_176,KOR,중곡감리교회,,광진구,,,,,,1899-4708,여성1인가구 등을 위해 다세대주택 지역에 무인택배함을 설치하여 낯선 사람을 대면하지 않고 택배를 수령할 수 있는 서비스,택배 주문 시 배송란에 여성안심택배함 주소 입력  → 택배가 도착하면 휴대폰 문자로 인증번호 수신 → 택배함으로 와서 인증번호 입력 후 택배 찾기 ※택배도착 후 48시간 까지만 무료이며 이후부터 하루당 1천원씩 요금 발생,정문입구,,,,,,,,,,,,,,,,,,여성안심택배함이란?,이용 방법,자세한 위치,,,,,,,,,,,,,,,,,,,1,4,#0000FF,,2018.6.28 10:14,2018.6.28 10:14
서울특별시 동대문구 제기로33길 25,서울특별시 동대문구 청량리동 11-1,127.0500031,37.58724829,100180,wtb_06_01_022,KOR,청소년수련원,,동대문구,,,,,,1899-4708,여성1인가구 등을 위해 다세대주택 지역에 무인택배함을 설치하여 낯선 사람을 대면하지 않고 택배를 수령할 수 있는 서비스,택배 주문 시 배송란에 여성안심택배함 주소 입력  → 택배가 도착하면 휴대폰 문자로 인증번호 수신 → 택배함으로 와서 인증번호 입력 후 택배 찾기 ※택배도착 후 48시간 까지만 무료이며 이후부터 하루당 1천원씩 요금 발생,1층 좌측 현관입구,,,,,,,,,,,,,,,,,,여성안심택배함이란?,이용 방법,자세한 위치,,,,,,,,,,,,,,,,,,,1,4,#0000FF,,2018.6.28 10:14,2018.6.28 10:14
서울특별시 동대문구 한천로18길 48,서울특별시 동대문구 장안동 395-2,127.0661677,37.56799871,100180,wtb_06_02_023,KOR,장안종합사회복지관,,동대문구,,,,,,1899-4708,여성1인가구 등을 위해 다세대주택 지역에 무인택배함을 설치하여 낯선 사람을 대면하지 않고 택배를 수령할 수 있는 서비스,택배 주문 시 배송란에 여성안심택배함 주소 입력  → 택배가 도착하면 휴대폰 문자로 인증번호 수신 → 택배함으로 와서 인증번호 입력 후 택배 찾기 ※택배도착 후 48시간 까지만 무료이며 이후부터 하루당 1천원씩 요금 발생,입구 측면 끝,,,,,,,,,,,,,,,,,,여성안심택배함이란?,이용 방법,자세한 위치,,,,,,,,,,,,,,,,,,,1,4,#0000FF,,2018.6.28 10:14,2018.6.28 10:14
서울특별시 동대문구 회기로10길 60,서울특별시 동대문구 청량리동 206-19,127.0472921,37.58997041,100180,wtb_06_03_024,KOR,정보화도서관,,동대문구,,,,,,1899-4708,여성1인가구 등을 위해 다세대주택 지역에 무인택배함을 설치하여 낯선 사람을 대면하지 않고 택배를 수령할 수 있는 서비스,택배 주문 시 배송란에 여성안심택배함 주소 입력  → 택배가 도착하면 휴대폰 문자로 인증번호 수신 → 택배함으로 와서 인증번호 입력 후 택배 찾기 ※택배도착 후 48시간 까지만 무료이며 이후부터 하루당 1천원씩 요금 발생,우리은행 ATM기 옆,,,,,,,,,,,,,,,,,,여성안심택배함이란?,이용 방법,자세한 위치,,,,,,,,,,,,,,,,,,,1,4,#0000FF,,2018.6.28 10:14,2018.6.28 10:14
서울특별시 동대문구 서울시립대로4길 75,서울특별시 동대문구 답십리동 474-5,127.050356,37.57318686,100180,wtb_06_04_025,KOR,답십리도서관,,동대문구,,,,,,1899-4708,여성1인가구 등을 위해 다세대주택 지역에 무인택배함을 설치하여 낯선 사람을 대면하지 않고 택배를 수령할 수 있는 서비스,택배 주문 시 배송란에 여성안심택배함 주소 입력  → 택배가 도착하면 휴대폰 문자로 인증번호 수신 → 택배함으로 와서 인증번호 입력 후 택배 찾기 ※택배도착 후 48시간 까지만 무료이며 이후부터 하루당 1천원씩 요금 발생,입구 우측,,,,,,,,,,,,,,,,,,여성안심택배함이란?,이용 방법,자세한 위치,,,,,,,,,,,,,,,,,,,1,4,#0000FF,,2018.6.28 10:14,2018.6.28 10:14
경희대로4길 64,동대문구 회기동 1-1,127.0558236,37.59141119,100180,wtb_06_05_026,KOR,회기동공영주차장,,동대문구,,,,,,1899-4708,여성1인가구 등을 위해 다세대주택 지역에 무인택배함을 설치하여 낯선 사람을 대면하지 않고 택배를 수령할 수 있는 서비스,택배 주문 시 배송란에 여성안심택배함 주소 입력  → 택배가 도착하면 휴대폰 문자로 인증번호 수신 → 택배함으로 와서 인증번호 입력 후 택배 찾기 ※택배도착 후 48시간 까지만 무료이며 이후부터 하루당 1천원씩 요금 발생,보행자 전용문 안쪽,,,,,,,,,,,,,,,,,,여성안심택배함이란?,이용 방법,자세한 위치,,,,,,,,,,,,,,,,,,,1,2,#0000FF,,2018.6.28 10:14,2018.8.7 15:14
서울특별시 동대문구 약령시로5길 22,서울특별시 동대문구 제기동 220,127.0341992,37.58401328,100180,wtb_06_06_027,KOR,동대문종합사회복지관,,동대문구,,,,,,1899-4708,여성1인가구 등을 위해 다세대주택 지역에 무인택배함을 설치하여 낯선 사람을 대면하지 않고 택배를 수령할 수 있는 서비스,택배 주문 시 배송란에 여성안심택배함 주소 입력  → 택배가 도착하면 휴대폰 문자로 인증번호 수신 → 택배함으로 와서 인증번호 입력 후 택배 찾기 ※택배도착 후 48시간 까지만 무료이며 이후부터 하루당 1천원씩 요금 발생,정문 우측 벽면,,,,,,,,,,,,,,,,,,여성안심택배함이란?,이용 방법,자세한 위치,,,,,,,,,,,,,,,,,,,1,4,#0000FF,,2018.6.28 10:14,2018.6.28 10:14
서울특별시 동대문구 천호대로 145,서울특별시 동대문구 용두동 39-9,127.0397667,37.57442088,100180,wtb_06_07_028,KOR,동대문구청 종합민원실,,동대문구,,,,,,1899-4708,여성1인가구 등을 위해 다세대주택 지역에 무인택배함을 설치하여 낯선 사람을 대면하지 않고 택배를 수령할 수 있는 서비스,택배 주문 시 배송란에 여성안심택배함 주소 입력  → 택배가 도착하면 휴대폰 문자로 인증번호 수신 → 택배함으로 와서 인증번호 입력 후 택배 찾기 ※택배도착 후 48시간 까지만 무료이며 이후부터 하루당 1천원씩 요금 발생,종합민원실 앞,,,,,,,,,,,,,,,,,,여성안심택배함이란?,이용 방법,자세한 위치,,,,,,,,,,,,,,,,,,,1,4,#0000FF,,2018.6.28 10:14,2018.6.28 10:14
답십리로65길 124-5,동대문구 장안동 286-9,127.0707121,37.57820195,100180,wtb_06_08_177,KOR,장안2동 공영주차장,,동대문구,,,,,,1899-4708,여성1인가구 등을 위해 다세대주택 지역에 무인택배함을 설치하여 낯선 사람을 대면하지 않고 택배를 수령할 수 있는 서비스,택배 주문 시 배송란에 여성안심택배함 주소 입력  → 택배가 도착하면 휴대폰 문자로 인증번호 수신 → 택배함으로 와서 인증번호 입력 후 택배 찾기 ※택배도착 후 48시간 까지만 무료이며 이후부터 하루당 1천원씩 요금 발생,정문입구,,,,,,,,,,,,,,,,,,여성안심택배함이란?,이용 방법,자세한 위치,,,,,,,,,,,,,,,,,,,1,2,#0000FF,,2018.6.28 10:14,2018.8.6 13:08
서울특별시 동대문구 전농로27길 42,동대문구 전농동 209-28,127.052989,37.58053167,100180,wtb_06_09_178,KOR,나사렛 교회,,동대문구,,,,,,1899-4708,여성1인가구 등을 위해 다세대주택 지역에 무인택배함을 설치하여 낯선 사람을 대면하지 않고 택배를 수령할 수 있는 서비스,택배 주문 시 배송란에 여성안심택배함 주소 입력  → 택배가 도착하면 휴대폰 문자로 인증번호 수신 → 택배함으로 와서 인증번호 입력 후 택배 찾기 ※택배도착 후 48시간 까지만 무료이며 이후부터 하루당 1천원씩 요금 발생,교회 정면을 바라보고 좌측  코너 돌아서 아래 계단 우측,,,,,,,,,,,,,,,,,,여성안심택배함이란?,이용 방법,자세한 위치,,,,,,,,,,,,,,,,,,,1,2,#0000FF,,2018.6.28 10:14,2018.8.6 15:42
서울특별시 중랑구 면목로 397,서울특별시 중랑구 면목동 115-18,127.0876742,37.58722993,100180,wtb_07_01_029,KOR,면목본동 주민센터,,중랑구,,,,,,1899-4708,여성1인가구 등을 위해 다세대주택 지역에 무인택배함을 설치하여 낯선 사람을 대면하지 않고 택배를 수령할 수 있는 서비스,택배 주문 시 배송란에 여성안심택배함 주소 입력  → 택배가 도착하면 휴대폰 문자로 인증번호 수신 → 택배함으로 와서 인증번호 입력 후 택배 찾기 ※택배도착 후 48시간 까지만 무료이며 이후부터 하루당 1천원씩 요금 발생,입구 왼쪽 벽면,,,,,,,,,,,,,,,,,,여성안심택배함이란?,이용 방법,자세한 위치,,,,,,,,,,,,,,,,,,,1,4,#0000FF,,2018.6.28 10:14,2018.6.28 10:14
서울특별시 중랑구 동일로 619,서울특별시 중랑구 면목동 175-18,127.0794754,37.5857545,100180,wtb_07_02_030,KOR,면목5동 주민센터,,중랑구,,,,,,1899-4708,여성1인가구 등을 위해 다세대주택 지역에 무인택배함을 설치하여 낯선 사람을 대면하지 않고 택배를 수령할 수 있는 서비스,택배 주문 시 배송란에 여성안심택배함 주소 입력  → 택배가 도착하면 휴대폰 문자로 인증번호 수신 → 택배함으로 와서 인증번호 입력 후 택배 찾기 ※택배도착 후 48시간 까지만 무료이며 이후부터 하루당 1천원씩 요금 발생,건물좌측면 통로,,,,,,,,,,,,,,,,,,여성안심택배함이란?,이용 방법,자세한 위치,,,,,,,,,,,,,,,,,,,1,4,#0000FF,,2018.6.28 10:14,2018.6.28 10:14
서울특별시 중랑구 사가정로51길 48,서울특별시 중랑구 면목동 498-6,127.0880365,37.58300523,100180,wtb_07_03_031,KOR,면목38동 주민센터,,중랑구,,,,,,1899-4708,여성1인가구 등을 위해 다세대주택 지역에 무인택배함을 설치하여 낯선 사람을 대면하지 않고 택배를 수령할 수 있는 서비스,택배 주문 시 배송란에 여성안심택배함 주소 입력  → 택배가 도착하면 휴대폰 문자로 인증번호 수신 → 택배함으로 와서 인증번호 입력 후 택배 찾기 ※택배도착 후 48시간 까지만 무료이며 이후부터 하루당 1천원씩 요금 발생,입구 우측,,,,,,,,,,,,,,,,,,여성안심택배함이란?,이용 방법,자세한 위치,,,,,,,,,,,,,,,,,,,1,4,#0000FF,,2018.6.28 10:14,2018.6.28 10:14
서울특별시 중랑구 면목로 246,서울특별시 중랑구 면목동 378-9,127.0855402,37.57475539,100180,wtb_07_04_032,KOR,면목4동주민센터,,중랑구,,,,,,1899-4708,여성1인가구 등을 위해 다세대주택 지역에 무인택배함을 설치하여 낯선 사람을 대면하지 않고 택배를 수령할 수 있는 서비스,택배 주문 시 배송란에 여성안심택배함 주소 입력  → 택배가 도착하면 휴대폰 문자로 인증번호 수신 → 택배함으로 와서 인증번호 입력 후 택배 찾기 ※택배도착 후 48시간 까지만 무료이며 이후부터 하루당 1천원씩 요금 발생,정문 좌측 코너 돌아서 벽면,,,,,,,,,,,,,,,,,,여성안심택배함이란?,이용 방법,자세한 위치,,,,,,,,,,,,,,,,,,,1,4,#0000FF,,2018.6.28 10:14,2018.6.28 10:14
서울특별시 중랑구 상봉중앙로1길 6,서울특별시 중랑구 상봉동 204-1,127.087152,37.59984639,100180,wtb_07_05_179,KOR,상봉1동주민센터,,중랑구,,,,,,1899-4708,여성1인가구 등을 위해 다세대주택 지역에 무인택배함을 설치하여 낯선 사람을 대면하지 않고 택배를 수령할 수 있는 서비스,택배 주문 시 배송란에 여성안심택배함 주소 입력  → 택배가 도착하면 휴대폰 문자로 인증번호 수신 → 택배함으로 와서 인증번호 입력 후 택배 찾기 ※택배도착 후 48시간 까지만 무료이며 이후부터 하루당 1천원씩 요금 발생,입구 옆,,,,,,,,,,,,,,,,,,여성안심택배함이란?,이용 방법,자세한 위치,,,,,,,,,,,,,,,,,,,1,4,#0000FF,,2018.6.28 10:14,2018.6.28 10:14
서울특별시 성북구 장위로 61,서울특별시 성북구 장위동 225-100,127.0436693,37.61406789,100180,wtb_08_01_033,KOR,성북여성교실,,성북구,,,,,,1899-4708,여성1인가구 등을 위해 다세대주택 지역에 무인택배함을 설치하여 낯선 사람을 대면하지 않고 택배를 수령할 수 있는 서비스,택배 주문 시 배송란에 여성안심택배함 주소 입력  → 택배가 도착하면 휴대폰 문자로 인증번호 수신 → 택배함으로 와서 인증번호 입력 후 택배 찾기 ※택배도착 후 48시간 까지만 무료이며 이후부터 하루당 1천원씩 요금 발생,입구 우측,,,,,,,,,,,,,,,,,,여성안심택배함이란?,이용 방법,자세한 위치,,,,,,,,,,,,,,,,,,,1,4,#0000FF,,2018.6.28 10:14,2018.6.28 10:14
서울특별시 성북구 아리랑로 82,서울특별시 성북구 돈암동 538-98,127.0139286,37.60005935,100180,wtb_08_02_034,KOR,아리랑 시네미디어센터,,성북구,,,,,,1899-4708,여성1인가구 등을 위해 다세대주택 지역에 무인택배함을 설치하여 낯선 사람을 대면하지 않고 택배를 수령할 수 있는 서비스,택배 주문 시 배송란에 여성안심택배함 주소 입력  → 택배가 도착하면 휴대폰 문자로 인증번호 수신 → 택배함으로 와서 인증번호 입력 후 택배 찾기 ※택배도착 후 48시간 까지만 무료이며 이후부터 하루당 1천원씩 요금 발생,입구 유리문 안 좌측,,,,,,,,,,,,,,,,,,여성안심택배함이란?,이용 방법,자세한 위치,,,,,,,,,,,,,,,,,,,1,4,#0000FF,,2018.6.28 10:14,2018.6.28 10:14
서울특별시 성북구 보문로30가길 41-6,서울특별시 성북구 안암동1가 361-2,127.0223336,37.58938906,100180,wtb_08_03_035,KOR,안암교회,,성북구,,,,,,1899-4708,여성1인가구 등을 위해 다세대주택 지역에 무인택배함을 설치하여 낯선 사람을 대면하지 않고 택배를 수령할 수 있는 서비스,택배 주문 시 배송란에 여성안심택배함 주소 입력  → 택배가 도착하면 휴대폰 문자로 인증번호 수신 → 택배함으로 와서 인증번호 입력 후 택배 찾기 ※택배도착 후 48시간 까지만 무료이며 이후부터 하루당 1천원씩 요금 발생,입구 우측,,,,,,,,,,,,,,,,,,여성안심택배함이란?,이용 방법,자세한 위치,,,,,,,,,,,,,,,,,,,1,4,#0000FF,,2018.6.28 10:14,2018.6.28 10:14
서울특별시 성북구 삼양로 20,서울특별시 성북구 길음동 1078-2,127.0249028,37.60504289,100180,wtb_08_04_036,KOR,성북희망나눔봉사센터,,성북구,,,,,,1899-4708,여성1인가구 등을 위해 다세대주택 지역에 무인택배함을 설치하여 낯선 사람을 대면하지 않고 택배를 수령할 수 있는 서비스,택배 주문 시 배송란에 여성안심택배함 주소 입력  → 택배가 도착하면 휴대폰 문자로 인증번호 수신 → 택배함으로 와서 인증번호 입력 후 택배 찾기 ※택배도착 후 48시간 까지만 무료이며 이후부터 하루당 1천원씩 요금 발생,입구 좌측,,,,,,,,,,,,,,,,,,여성안심택배함이란?,이용 방법,자세한 위치,,,,,,,,,,,,,,,,,,,1,4,#0000FF,,2018.6.28 10:14,2018.6.28 10:14
서울특별시 성북구 북악산로31길 8,서울특별시 성북구 종암동 23-45,127.0355539,37.59294609,100180,wtb_08_05,KOR,제일빌딩(고대인근),,성북구,,,,,,1899-4708,여성1인가구 등을 위해 다세대주택 지역에 무인택배함을 설치하여 낯선 사람을 대면하지 않고 택배를 수령할 수 있는 서비스,택배 주문 시 배송란에 여성안심택배함 주소 입력  → 택배가 도착하면 휴대폰 문자로 인증번호 수신 → 택배함으로 와서 인증번호 입력 후 택배 찾기 ※택배도착 후 48시간 까지만 무료이며 이후부터 하루당 1천원씩 요금 발생,빌딩 정문,,,,,,,,,,,,,,,,,,여성안심택배함이란?,이용 방법,자세한 위치,,,,,,,,,,,,,,,,,,,1,,#0000FF,,2018.6.28 10:14,2018.6.28 16:34
서울특별시 강북구 삼양로 299,서울특별시 강북구 수유동 605-412,127.0175594,37.63005097,100180,wtb_09_01_037,KOR,수유1동 주민센터,,강북구,,,,,,1899-4708,여성1인가구 등을 위해 다세대주택 지역에 무인택배함을 설치하여 낯선 사람을 대면하지 않고 택배를 수령할 수 있는 서비스,택배 주문 시 배송란에 여성안심택배함 주소 입력  → 택배가 도착하면 휴대폰 문자로 인증번호 수신 → 택배함으로 와서 인증번호 입력 후 택배 찾기 ※택배도착 후 48시간 까지만 무료이며 이후부터 하루당 1천원씩 요금 발생,입구 우측 벽면,,,,,,,,,,,,,,,,,,여성안심택배함이란?,이용 방법,자세한 위치,,,,,,,,,,,,,,,,,,,1,4,#0000FF,,2018.6.28 10:14,2018.6.28 10:14
서울특별시 강북구 도봉로89길 13,서울특별시 강북구 수유동 192-59,127.0254518,37.63918553,100180,wtb_09_02_038,KOR,강북구청 본관 입구,,강북구,,,,,,1899-4708,여성1인가구 등을 위해 다세대주택 지역에 무인택배함을 설치하여 낯선 사람을 대면하지 않고 택배를 수령할 수 있는 서비스,택배 주문 시 배송란에 여성안심택배함 주소 입력  → 택배가 도착하면 휴대폰 문자로 인증번호 수신 → 택배함으로 와서 인증번호 입력 후 택배 찾기 ※택배도착 후 48시간 까지만 무료이며 이후부터 하루당 1천원씩 요금 발생,민방위기술지원대 건물 앞,,,,,,,,,,,,,,,,,,여성안심택배함이란?,이용 방법,자세한 위치,,,,,,,,,,,,,,,,,,,1,4,#0000FF,,2018.6.28 10:14,2018.6.28 10:14
서울특별시 강북구 솔매로49길 14,서울특별시 강북구 미아동 197-1,127.0269747,37.62709036,100180,wtb_09_03_039,KOR,미아동 복합청사,,강북구,,,,,,1899-4708,여성1인가구 등을 위해 다세대주택 지역에 무인택배함을 설치하여 낯선 사람을 대면하지 않고 택배를 수령할 수 있는 서비스,택배 주문 시 배송란에 여성안심택배함 주소 입력  → 택배가 도착하면 휴대폰 문자로 인증번호 수신 → 택배함으로 와서 인증번호 입력 후 택배 찾기 ※택배도착 후 48시간 까지만 무료이며 이후부터 하루당 1천원씩 요금 발생,입구 앞 자전거보관함과 기둥사이,,,,,,,,,,,,,,,,,,여성안심택배함이란?,이용 방법,자세한 위치,,,,,,,,,,,,,,,,,,,1,4,#0000FF,,2018.6.28 10:14,2018.6.28 10:14
서울특별시 강북구 한천로139나길 38,서울특별시 강북구 수유동 193-10,127.0242027,37.6402883,100180,wtb_09_04_040,KOR,수유역1번출구,,강북구,,,,,,1899-4708,여성1인가구 등을 위해 다세대주택 지역에 무인택배함을 설치하여 낯선 사람을 대면하지 않고 택배를 수령할 수 있는 서비스,택배 주문 시 배송란에 여성안심택배함 주소 입력  → 택배가 도착하면 휴대폰 문자로 인증번호 수신 → 택배함으로 와서 인증번호 입력 후 택배 찾기 ※택배도착 후 48시간 까지만 무료이며 이후부터 하루당 1천원씩 요금 발생,출구 후면,,,,,,,,,,,,,,,,,,여성안심택배함이란?,이용 방법,자세한 위치,,,,,,,,,,,,,,,,,,,1,4,#0000FF,,2018.6.28 10:14,2018.6.28 10:14
서울특별시 강북구 한천로123길 26,서울특별시 강북구 번동 413-3,127.0303605,37.63624019,100180,wtb_09_05_041,KOR,번동북부시장 북부마트,,강북구,,,,,,1899-4708,여성1인가구 등을 위해 다세대주택 지역에 무인택배함을 설치하여 낯선 사람을 대면하지 않고 택배를 수령할 수 있는 서비스,택배 주문 시 배송란에 여성안심택배함 주소 입력  → 택배가 도착하면 휴대폰 문자로 인증번호 수신 → 택배함으로 와서 인증번호 입력 후 택배 찾기 ※택배도착 후 48시간 까지만 무료이며 이후부터 하루당 1천원씩 요금 발생,북부마트 우측 벽면,,,,,,,,,,,,,,,,,,여성안심택배함이란?,이용 방법,자세한 위치,,,,,,,,,,,,,,,,,,,1,4,#0000FF,,2018.6.28 10:14,2018.6.28 10:14
서울특별시 강북구 삼각산로 85,서울특별시 강북구 수유동 360-10,127.0134385,37.64080676,100180,wtb_09_06_042,KOR,강북문화예술회관,,강북구,,,,,,1899-4708,여성1인가구 등을 위해 다세대주택 지역에 무인택배함을 설치하여 낯선 사람을 대면하지 않고 택배를 수령할 수 있는 서비스,택배 주문 시 배송란에 여성안심택배함 주소 입력  → 택배가 도착하면 휴대폰 문자로 인증번호 수신 → 택배함으로 와서 인증번호 입력 후 택배 찾기 ※택배도착 후 48시간 까지만 무료이며 이후부터 하루당 1천원씩 요금 발생,예절관 앞,,,,,,,,,,,,,,,,,,여성안심택배함이란?,이용 방법,자세한 위치,,,,,,,,,,,,,,,,,,,1,4,#0000FF,,2018.6.28 10:14,2018.6.28 10:14
삼양로 561,강북구 우이동 80,127.0123128,37.65301335,100180,wtb_09_07_043,KOR,솔밭근린공원 개방화장실,,강북구,,,,,,1899-4708,여성1인가구 등을 위해 다세대주택 지역에 무인택배함을 설치하여 낯선 사람을 대면하지 않고 택배를 수령할 수 있는 서비스,택배 주문 시 배송란에 여성안심택배함 주소 입력  → 택배가 도착하면 휴대폰 문자로 인증번호 수신 → 택배함으로 와서 인증번호 입력 후 택배 찾기 ※택배도착 후 48시간 까지만 무료이며 이후부터 하루당 1천원씩 요금 발생,개방화장실 앞,,,,,,,,,,,,,,,,,,여성안심택배함이란?,이용 방법,자세한 위치,,,,,,,,,,,,,,,,,,,1,2,#0000FF,,2018.6.28 10:14,2018.8.6 11:35
서울특별시 강북구 삼양로92길 40,서울특별시 강북구 수유동 122,127.0187073,37.63569768,100180,wtb_09_08,KOR,강북노인종합복지관,,강북구,,,,,,1899-4708,여성1인가구 등을 위해 다세대주택 지역에 무인택배함을 설치하여 낯선 사람을 대면하지 않고 택배를 수령할 수 있는 서비스,택배 주문 시 배송란에 여성안심택배함 주소 입력  → 택배가 도착하면 휴대폰 문자로 인증번호 수신 → 택배함으로 와서 인증번호 입력 후 택배 찾기 ※택배도착 후 48시간 까지만 무료이며 이후부터 하루당 1천원씩 요금 발생,복지관 입구,,,,,,,,,,,,,,,,,,여성안심택배함이란?,이용 방법,자세한 위치,,,,,,,,,,,,,,,,,,,1,4,#0000FF,,2018.6.28 10:14,2018.6.28 10:14
서울특별시 도봉구 도봉로169나길 22,서울특별시 도봉구 도봉동 593-69,127.0433807,37.67867573,100180,wtb_10_01_044,KOR,도봉1동주민센터,,도봉구,,,,,,1899-4708,여성1인가구 등을 위해 다세대주택 지역에 무인택배함을 설치하여 낯선 사람을 대면하지 않고 택배를 수령할 수 있는 서비스,택배 주문 시 배송란에 여성안심택배함 주소 입력  → 택배가 도착하면 휴대폰 문자로 인증번호 수신 → 택배함으로 와서 인증번호 입력 후 택배 찾기 ※택배도착 후 48시간 까지만 무료이며 이후부터 하루당 1천원씩 요금 발생,입구 우측 벽면,,,,,,,,,,,,,,,,,,여성안심택배함이란?,이용 방법,자세한 위치,,,,,,,,,,,,,,,,,,,1,4,#0000FF,,2018.6.28 10:14,2018.6.28 10:14
서울특별시 도봉구 마들로11길 77,서울특별시 도봉구 창동 135-1,127.0477144,37.65321569,100180,wtb_10_02_045,KOR,창동역1번출구,,도봉구,,,,,,1899-4708,여성1인가구 등을 위해 다세대주택 지역에 무인택배함을 설치하여 낯선 사람을 대면하지 않고 택배를 수령할 수 있는 서비스,택배 주문 시 배송란에 여성안심택배함 주소 입력  → 택배가 도착하면 휴대폰 문자로 인증번호 수신 → 택배함으로 와서 인증번호 입력 후 택배 찾기 ※택배도착 후 48시간 까지만 무료이며 이후부터 하루당 1천원씩 요금 발생,행복나눔가게 앞,,,,,,,,,,,,,,,,,,여성안심택배함이란?,이용 방법,자세한 위치,,,,,,,,,,,,,,,,,,,1,4,#0000FF,,2018.6.28 10:14,2018.6.28 10:14
서울특별시 도봉구 시루봉로17길 42,서울특별시 도봉구 방학동 396-19,127.0326391,37.66931261,100180,wtb_10_03_046,KOR,방아골종합사회복지관,,도봉구,,,,,,1899-4708,여성1인가구 등을 위해 다세대주택 지역에 무인택배함을 설치하여 낯선 사람을 대면하지 않고 택배를 수령할 수 있는 서비스,택배 주문 시 배송란에 여성안심택배함 주소 입력  → 택배가 도착하면 휴대폰 문자로 인증번호 수신 → 택배함으로 와서 인증번호 입력 후 택배 찾기 ※택배도착 후 48시간 까지만 무료이며 이후부터 하루당 1천원씩 요금 발생,입구 우측면 건전지함,,,,,,,,,,,,,,,,,,여성안심택배함이란?,이용 방법,자세한 위치,,,,,,,,,,,,,,,,,,,1,4,#0000FF,,2018.6.28 10:14,2018.6.28 10:14
마들로 668,도봉구 도봉동 636-9,127.0465356,37.66967555,100180,wtb_10_04_047,KOR,도봉서원종합사회복지관,,도봉구,,,,,,1899-4708,여성1인가구 등을 위해 다세대주택 지역에 무인택배함을 설치하여 낯선 사람을 대면하지 않고 택배를 수령할 수 있는 서비스,택배 주문 시 배송란에 여성안심택배함 주소 입력  → 택배가 도착하면 휴대폰 문자로 인증번호 수신 → 택배함으로 와서 인증번호 입력 후 택배 찾기 ※택배도착 후 48시간 까지만 무료이며 이후부터 하루당 1천원씩 요금 발생,입구 우측벽면,,,,,,,,,,,,,,,,,,여성안심택배함이란?,이용 방법,자세한 위치,,,,,,,,,,,,,,,,,,,1,2,#0000FF,,2018.6.28 10:14,2018.8.6 10:38
서울특별시 도봉구 우이천로4길 24-5,서울특별시 도봉구 창동 502-33,127.0411394,37.63357343,100180,wtb_10_05_048,KOR,창동 도봉육아종합지원센터,,도봉구,,,,,,1899-4708,여성1인가구 등을 위해 다세대주택 지역에 무인택배함을 설치하여 낯선 사람을 대면하지 않고 택배를 수령할 수 있는 서비스,택배 주문 시 배송란에 여성안심택배함 주소 입력  → 택배가 도착하면 휴대폰 문자로 인증번호 수신 → 택배함으로 와서 인증번호 입력 후 택배 찾기 ※택배도착 후 48시간 까지만 무료이며 이후부터 하루당 1천원씩 요금 발생,입구 우측 벽면,,,,,,,,,,,,,,,,,,여성안심택배함이란?,이용 방법,자세한 위치,,,,,,,,,,,,,,,,,,,1,4,#0000FF,,2018.6.28 10:14,2018.6.28 10:14
서울특별시 도봉구 도봉로112길 43,서울특별시 도봉구 창동 657-37,127.0372004,37.64713391,100180,wtb_10_06_049,KOR,창1동제1공영주차장,,도봉구,,,,,,1899-4708,여성1인가구 등을 위해 다세대주택 지역에 무인택배함을 설치하여 낯선 사람을 대면하지 않고 택배를 수령할 수 있는 서비스,택배 주문 시 배송란에 여성안심택배함 주소 입력  → 택배가 도착하면 휴대폰 문자로 인증번호 수신 → 택배함으로 와서 인증번호 입력 후 택배 찾기 ※택배도착 후 48시간 까지만 무료이며 이후부터 하루당 1천원씩 요금 발생,입구 우측 벽면,,,,,,,,,,,,,,,,,,여성안심택배함이란?,이용 방법,자세한 위치,,,,,,,,,,,,,,,,,,,1,4,#0000FF,,2018.6.28 10:14,2018.6.28 10:14
서울특별시 도봉구 도봉로 552,서울특별시 도봉구 창동 303,127.0386331,37.65411635,100180,wtb_10_07_050,KOR,도봉구민회관,,도봉구,,,,,,1899-4708,여성1인가구 등을 위해 다세대주택 지역에 무인택배함을 설치하여 낯선 사람을 대면하지 않고 택배를 수령할 수 있는 서비스,택배 주문 시 배송란에 여성안심택배함 주소 입력  → 택배가 도착하면 휴대폰 문자로 인증번호 수신 → 택배함으로 와서 인증번호 입력 후 택배 찾기 ※택배도착 후 48시간 까지만 무료이며 이후부터 하루당 1천원씩 요금 발생,입구 우측 벽면,,,,,,,,,,,,,,,,,,여성안심택배함이란?,이용 방법,자세한 위치,,,,,,,,,,,,,,,,,,,1,4,#0000FF,,2018.6.28 10:14,2018.6.28 10:14
서울특별시 도봉구 덕릉로62길 89,서울특별시 도봉구 창동 462-2,127.0429873,37.63805171,100180,wtb_10_08,KOR,창3동 주민센터,,도봉구,,,,,,1899-4708,여성1인가구 등을 위해 다세대주택 지역에 무인택배함을 설치하여 낯선 사람을 대면하지 않고 택배를 수령할 수 있는 서비스,택배 주문 시 배송란에 여성안심택배함 주소 입력  → 택배가 도착하면 휴대폰 문자로 인증번호 수신 → 택배함으로 와서 인증번호 입력 후 택배 찾기 ※택배도착 후 48시간 까지만 무료이며 이후부터 하루당 1천원씩 요금 발생,주민센터 입구 인근,,,,,,,,,,,,,,,,,,여성안심택배함이란?,이용 방법,자세한 위치,,,,,,,,,,,,,,,,,,,1,4,#0000FF,,2018.6.28 10:14,2018.6.28 10:14
서울특별시 도봉구 도봉로120길 16,서울특별시 도봉구 창동 662-59,127.0374252,37.65037639,100180,wtb_10_09,KOR,염광교회,,도봉구,,,,,,1899-4708,여성1인가구 등을 위해 다세대주택 지역에 무인택배함을 설치하여 낯선 사람을 대면하지 않고 택배를 수령할 수 있는 서비스,택배 주문 시 배송란에 여성안심택배함 주소 입력  → 택배가 도착하면 휴대폰 문자로 인증번호 수신 → 택배함으로 와서 인증번호 입력 후 택배 찾기 ※택배도착 후 48시간 까지만 무료이며 이후부터 하루당 1천원씩 요금 발생,교회 안쪽,,,,,,,,,,,,,,,,,,여성안심택배함이란?,이용 방법,자세한 위치,,,,,,,,,,,,,,,,,,,1,4,#0000FF,,2018.6.28 10:14,2018.6.28 10:14
서울특별시 노원구 노원로1나길 10,서울특별시 노원구 공릉동 87-5,127.0830658,37.62158981,100180,wtb_11_01_051,KOR,공릉 청소년문화정보센터,,노원구,,,,,,1899-4708,여성1인가구 등을 위해 다세대주택 지역에 무인택배함을 설치하여 낯선 사람을 대면하지 않고 택배를 수령할 수 있는 서비스,택배 주문 시 배송란에 여성안심택배함 주소 입력  → 택배가 도착하면 휴대폰 문자로 인증번호 수신 → 택배함으로 와서 인증번호 입력 후 택배 찾기 ※택배도착 후 48시간 까지만 무료이며 이후부터 하루당 1천원씩 요금 발생,입구 우측 건물 유리벽 앞,,,,,,,,,,,,,,,,,,여성안심택배함이란?,이용 방법,자세한 위치,,,,,,,,,,,,,,,,,,,1,4,#0000FF,,2018.6.28 10:14,2018.6.28 10:14
서울특별시 노원구 상계로 190,서울특별시 노원구 상계동 156-203,127.0740075,37.66136049,100180,wtb_11_02_052,KOR,상계역 자전거대여소,,노원구,,,,,,1899-4708,여성1인가구 등을 위해 다세대주택 지역에 무인택배함을 설치하여 낯선 사람을 대면하지 않고 택배를 수령할 수 있는 서비스,택배 주문 시 배송란에 여성안심택배함 주소 입력  → 택배가 도착하면 휴대폰 문자로 인증번호 수신 → 택배함으로 와서 인증번호 입력 후 택배 찾기 ※택배도착 후 48시간 까지만 무료이며 이후부터 하루당 1천원씩 요금 발생,자전거보관함 앞 벽면,,,,,,,,,,,,,,,,,,여성안심택배함이란?,이용 방법,자세한 위치,,,,,,,,,,,,,,,,,,,1,4,#0000FF,,2018.6.28 10:14,2018.6.28 10:14
서울특별시 노원구 덕릉로 859,서울특별시 노원구 상계동 37-7,127.0832363,37.6729097,100180,wtb_11_03_053,KOR,상계34동 주민센터,,노원구,,,,,,1899-4708,여성1인가구 등을 위해 다세대주택 지역에 무인택배함을 설치하여 낯선 사람을 대면하지 않고 택배를 수령할 수 있는 서비스,택배 주문 시 배송란에 여성안심택배함 주소 입력  → 택배가 도착하면 휴대폰 문자로 인증번호 수신 → 택배함으로 와서 인증번호 입력 후 택배 찾기 ※택배도착 후 48시간 까지만 무료이며 이후부터 하루당 1천원씩 요금 발생,입구 우측 벽면,,,,,,,,,,,,,,,,,,여성안심택배함이란?,이용 방법,자세한 위치,,,,,,,,,,,,,,,,,,,1,4,#0000FF,,2018.6.28 10:14,2018.6.28 10:14
서울특별시 노원구 월계로 319,서울특별시 노원구 월계동 598,127.0560914,37.62863783,100180,wtb_11_04_054,KOR,월계문화정보도서관,,노원구,,,,,,1899-4708,여성1인가구 등을 위해 다세대주택 지역에 무인택배함을 설치하여 낯선 사람을 대면하지 않고 택배를 수령할 수 있는 서비스,택배 주문 시 배송란에 여성안심택배함 주소 입력  → 택배가 도착하면 휴대폰 문자로 인증번호 수신 → 택배함으로 와서 인증번호 입력 후 택배 찾기 ※택배도착 후 48시간 까지만 무료이며 이후부터 하루당 1천원씩 요금 발생,입구 좌측,,,,,,,,,,,,,,,,,,여성안심택배함이란?,이용 방법,자세한 위치,,,,,,,,,,,,,,,,,,,1,4,#0000FF,,2018.6.28 10:14,2018.6.28 10:14
서울특별시 노원구 상계로 118,서울특별시 노원구 상계동 385-1,127.0678578,37.65748146,100180,wtb_11_05_055,KOR,상계2동주민센터,,노원구,,,,,,1899-4708,여성1인가구 등을 위해 다세대주택 지역에 무인택배함을 설치하여 낯선 사람을 대면하지 않고 택배를 수령할 수 있는 서비스,택배 주문 시 배송란에 여성안심택배함 주소 입력  → 택배가 도착하면 휴대폰 문자로 인증번호 수신 → 택배함으로 와서 인증번호 입력 후 택배 찾기 ※택배도착 후 48시간 까지만 무료이며 이후부터 하루당 1천원씩 요금 발생,입구 우측,,,,,,,,,,,,,,,,,,여성안심택배함이란?,이용 방법,자세한 위치,,,,,,,,,,,,,,,,,,,1,4,#0000FF,,2018.6.28 10:14,2018.6.28 10:14
서울특별시 은평구 갈현로 301,서울특별시 은평구 갈현동 436-14,126.9166872,37.62368713,100180,wtb_12_01_056,KOR,갈현1동 주민센터,,은평구,,,,,,1899-4708,여성1인가구 등을 위해 다세대주택 지역에 무인택배함을 설치하여 낯선 사람을 대면하지 않고 택배를 수령할 수 있는 서비스,택배 주문 시 배송란에 여성안심택배함 주소 입력  → 택배가 도착하면 휴대폰 문자로 인증번호 수신 → 택배함으로 와서 인증번호 입력 후 택배 찾기 ※택배도착 후 48시간 까지만 무료이며 이후부터 하루당 1천원씩 요금 발생,입구 주차장 왼쪽벽,,,,,,,,,,,,,,,,,,여성안심택배함이란?,이용 방법,자세한 위치,,,,,,,,,,,,,,,,,,,1,4,#0000FF,,2018.6.28 10:14,2018.6.28 10:14
서울특별시 은평구 연서로 59,서울특별시 은평구 역촌동 62-26,126.9152003,37.6043905,100180,wtb_12_02_057,KOR,역촌동 주민센터,,은평구,,,,,,1899-4708,여성1인가구 등을 위해 다세대주택 지역에 무인택배함을 설치하여 낯선 사람을 대면하지 않고 택배를 수령할 수 있는 서비스,택배 주문 시 배송란에 여성안심택배함 주소 입력  → 택배가 도착하면 휴대폰 문자로 인증번호 수신 → 택배함으로 와서 인증번호 입력 후 택배 찾기 ※택배도착 후 48시간 까지만 무료이며 이후부터 하루당 1천원씩 요금 발생,입구 좌측,,,,,,,,,,,,,,,,,,여성안심택배함이란?,이용 방법,자세한 위치,,,,,,,,,,,,,,,,,,,1,4,#0000FF,,2018.6.28 10:14,2018.6.28 10:14
서울특별시 은평구 증산로5길 6,서울특별시 은평구 증산동 173-8,126.9076711,37.58280791,100180,wtb_12_03_058,KOR,증산 정보도서관,,은평구,,,,,,1899-4708,여성1인가구 등을 위해 다세대주택 지역에 무인택배함을 설치하여 낯선 사람을 대면하지 않고 택배를 수령할 수 있는 서비스,택배 주문 시 배송란에 여성안심택배함 주소 입력  → 택배가 도착하면 휴대폰 문자로 인증번호 수신 → 택배함으로 와서 인증번호 입력 후 택배 찾기 ※택배도착 후 48시간 까지만 무료이며 이후부터 하루당 1천원씩 요금 발생,입구 우측 자전거 주차장 앞,,,,,,,,,,,,,,,,,,여성안심택배함이란?,이용 방법,자세한 위치,,,,,,,,,,,,,,,,,,,1,4,#0000FF,,2018.6.28 10:14,2018.6.28 10:14
서울특별시 은평구 은평로 245,서울특별시 은평구 녹번동 48-5,126.9351483,37.60110553,100180,wtb_12_04_059,KOR,녹번 119안전센터,,은평구,,,,,,1899-4708,여성1인가구 등을 위해 다세대주택 지역에 무인택배함을 설치하여 낯선 사람을 대면하지 않고 택배를 수령할 수 있는 서비스,택배 주문 시 배송란에 여성안심택배함 주소 입력  → 택배가 도착하면 휴대폰 문자로 인증번호 수신 → 택배함으로 와서 인증번호 입력 후 택배 찾기 ※택배도착 후 48시간 까지만 무료이며 이후부터 하루당 1천원씩 요금 발생,정문 우측 10m 지점,,,,,,,,,,,,,,,,,,여성안심택배함이란?,이용 방법,자세한 위치,,,,,,,,,,,,,,,,,,,1,4,#0000FF,,2018.6.28 10:14,2018.6.28 10:14
서울특별시 은평구 불광로 129,서울특별시 은평구 불광동 13-33,126.9329269,37.61830237,100180,wtb_12_05_060,KOR,불광1동 치안센터,,은평구,,,,,,1899-4708,여성1인가구 등을 위해 다세대주택 지역에 무인택배함을 설치하여 낯선 사람을 대면하지 않고 택배를 수령할 수 있는 서비스,택배 주문 시 배송란에 여성안심택배함 주소 입력  → 택배가 도착하면 휴대폰 문자로 인증번호 수신 → 택배함으로 와서 인증번호 입력 후 택배 찾기 ※택배도착 후 48시간 까지만 무료이며 이후부터 하루당 1천원씩 요금 발생,후문 캐노피 벽면 앞,,,,,,,,,,,,,,,,,,여성안심택배함이란?,이용 방법,자세한 위치,,,,,,,,,,,,,,,,,,,1,4,#0000FF,,2018.6.28 10:14,2018.6.28 10:14
서울특별시 은평구 은평로 38,서울특별시 은평구 신사동 26-18,126.9121954,37.59804894,100180,wtb_12_06_061,KOR,신사종합사회복지관,,은평구,,,,,,1899-4708,여성1인가구 등을 위해 다세대주택 지역에 무인택배함을 설치하여 낯선 사람을 대면하지 않고 택배를 수령할 수 있는 서비스,택배 주문 시 배송란에 여성안심택배함 주소 입력  → 택배가 도착하면 휴대폰 문자로 인증번호 수신 → 택배함으로 와서 인증번호 입력 후 택배 찾기 ※택배도착 후 48시간 까지만 무료이며 이후부터 하루당 1천원씩 요금 발생,입구 좌측 기둥옆 유리문,,,,,,,,,,,,,,,,,,여성안심택배함이란?,이용 방법,자세한 위치,,,,,,,,,,,,,,,,,,,1,4,#0000FF,,2018.6.28 10:14,2018.6.28 10:14
서울특별시 은평구 갈현로17길 10,서울특별시 은평구 구산동 27-5,126.9103475,37.61176248,100180,wtb_12_07_062,KOR,구산동주민센터,,은평구,,,,,,1899-4708,여성1인가구 등을 위해 다세대주택 지역에 무인택배함을 설치하여 낯선 사람을 대면하지 않고 택배를 수령할 수 있는 서비스,택배 주문 시 배송란에 여성안심택배함 주소 입력  → 택배가 도착하면 휴대폰 문자로 인증번호 수신 → 택배함으로 와서 인증번호 입력 후 택배 찾기 ※택배도착 후 48시간 까지만 무료이며 이후부터 하루당 1천원씩 요금 발생,입구 우측,,,,,,,,,,,,,,,,,,여성안심택배함이란?,이용 방법,자세한 위치,,,,,,,,,,,,,,,,,,,1,4,#0000FF,,2018.6.28 10:14,2018.6.28 10:14
서울특별시 은평구 연서로34길 11,서울특별시 은평구 불광동 130-2,126.9277011,37.62154308,100180,wtb_12_08_063,KOR,불광보건분소,,은평구,,,,,,1899-4708,여성1인가구 등을 위해 다세대주택 지역에 무인택배함을 설치하여 낯선 사람을 대면하지 않고 택배를 수령할 수 있는 서비스,택배 주문 시 배송란에 여성안심택배함 주소 입력  → 택배가 도착하면 휴대폰 문자로 인증번호 수신 → 택배함으로 와서 인증번호 입력 후 택배 찾기 ※택배도착 후 48시간 까지만 무료이며 이후부터 하루당 1천원씩 요금 발생,2층 계단 위,,,,,,,,,,,,,,,,,,여성안심택배함이란?,이용 방법,자세한 위치,,,,,,,,,,,,,,,,,,,1,4,#0000FF,,2018.6.28 10:14,2018.6.28 10:14
서울특별시 은평구 갈현로 195,서울특별시 은평구 갈현동 506-45,126.9126943,37.61515269,100180,wtb_12_09_064,KOR,연신내 지구대,,은평구,,,,,,1899-4708,여성1인가구 등을 위해 다세대주택 지역에 무인택배함을 설치하여 낯선 사람을 대면하지 않고 택배를 수령할 수 있는 서비스,택배 주문 시 배송란에 여성안심택배함 주소 입력  → 택배가 도착하면 휴대폰 문자로 인증번호 수신 → 택배함으로 와서 인증번호 입력 후 택배 찾기 ※택배도착 후 48시간 까지만 무료이며 이후부터 하루당 1천원씩 요금 발생,입구 좌측 코너 벽면,,,,,,,,,,,,,,,,,,여성안심택배함이란?,이용 방법,자세한 위치,,,,,,,,,,,,,,,,,,,1,4,#0000FF,,2018.6.28 10:14,2018.6.28 10:14
서울특별시 은평구 연서로20길 24-6,서울특별시 은평구 대조동 214-48,126.9207202,37.61381853,100180,wtb_12_10_065,KOR,대조동 꿈나무어린이도서관,,은평구,,,,,,1899-4708,여성1인가구 등을 위해 다세대주택 지역에 무인택배함을 설치하여 낯선 사람을 대면하지 않고 택배를 수령할 수 있는 서비스,택배 주문 시 배송란에 여성안심택배함 주소 입력  → 택배가 도착하면 휴대폰 문자로 인증번호 수신 → 택배함으로 와서 인증번호 입력 후 택배 찾기 ※택배도착 후 48시간 까지만 무료이며 이후부터 하루당 1천원씩 요금 발생,건물 입구,,,,,,,,,,,,,,,,,,여성안심택배함이란?,이용 방법,자세한 위치,,,,,,,,,,,,,,,,,,,1,4,#0000FF,,2018.6.28 10:14,2018.6.28 10:14
서울특별시 서대문구 북아현로 24,서울특별시 서대문구 북아현동 129-37,126.9570371,37.55947159,100180,wtb_13_01_066,KOR,북아현동 주민센터,,서대문구,,,,,,1899-4708,여성1인가구 등을 위해 다세대주택 지역에 무인택배함을 설치하여 낯선 사람을 대면하지 않고 택배를 수령할 수 있는 서비스,택배 주문 시 배송란에 여성안심택배함 주소 입력  → 택배가 도착하면 휴대폰 문자로 인증번호 수신 → 택배함으로 와서 인증번호 입력 후 택배 찾기 ※택배도착 후 48시간 까지만 무료이며 이후부터 하루당 1천원씩 요금 발생,입구 우측벽 코너,,,,,,,,,,,,,,,,,,여성안심택배함이란?,이용 방법,자세한 위치,,,,,,,,,,,,,,,,,,,1,4,#0000FF,,2018.6.28 10:14,2018.6.28 10:14
서울특별시 서대문구 봉원사2길 13,서대문구 봉원동 42-6,126.9467043,37.56824308,100180,wtb_13_02_067,KOR,봉원교회,,서대문구,,,,,,1899-4708,여성1인가구 등을 위해 다세대주택 지역에 무인택배함을 설치하여 낯선 사람을 대면하지 않고 택배를 수령할 수 있는 서비스,택배 주문 시 배송란에 여성안심택배함 주소 입력  → 택배가 도착하면 휴대폰 문자로 인증번호 수신 → 택배함으로 와서 인증번호 입력 후 택배 찾기 ※택배도착 후 48시간 까지만 무료이며 이후부터 하루당 1천원씩 요금 발생,1층 북카페 샘뜰 옆,,,,,,,,,,,,,,,,,,여성안심택배함이란?,이용 방법,자세한 위치,,,,,,,,,,,,,,,,,,,1,2,#0000FF,,2018.6.28 10:14,2018.8.8 9:37
서울특별시 서대문구 가좌로 154,서울특별시 서대문구 홍은동 338-146,126.9233551,37.58579962,100180,wtb_13_03_068,KOR,서부제일교회 어린이도서관,,서대문구,,,,,,1899-4708,여성1인가구 등을 위해 다세대주택 지역에 무인택배함을 설치하여 낯선 사람을 대면하지 않고 택배를 수령할 수 있는 서비스,택배 주문 시 배송란에 여성안심택배함 주소 입력  → 택배가 도착하면 휴대폰 문자로 인증번호 수신 → 택배함으로 와서 인증번호 입력 후 택배 찾기 ※택배도착 후 48시간 까지만 무료이며 이후부터 하루당 1천원씩 요금 발생,입구 정원 내 캐노피 밑,,,,,,,,,,,,,,,,,,여성안심택배함이란?,이용 방법,자세한 위치,,,,,,,,,,,,,,,,,,,1,4,#0000FF,,2018.6.28 10:14,2018.6.28 10:14
포방터길 28,서대문구 홍제동 286-30,126.9489126,37.59772542,100180,wtb_13_04_069,KOR,홍성교회,,서대문구,,,,,,1899-4708,여성1인가구 등을 위해 다세대주택 지역에 무인택배함을 설치하여 낯선 사람을 대면하지 않고 택배를 수령할 수 있는 서비스,택배 주문 시 배송란에 여성안심택배함 주소 입력  → 택배가 도착하면 휴대폰 문자로 인증번호 수신 → 택배함으로 와서 인증번호 입력 후 택배 찾기 ※택배도착 후 48시간 까지만 무료이며 이후부터 하루당 1천원씩 요금 발생,교회 우측테라스 자판기 옆,,,,,,,,,,,,,,,,,,여성안심택배함이란?,이용 방법,자세한 위치,,,,,,,,,,,,,,,,,,,1,2,#0000FF,,2018.6.28 10:14,2018.8.6 14:13
서울특별시 서대문구 홍은중앙로 85,서울특별시 서대문구 홍은동 11-853,126.9471227,37.59886173,100180,wtb_13_05_070,KOR,홍은1동주민센터,,서대문구,,,,,,1899-4708,여성1인가구 등을 위해 다세대주택 지역에 무인택배함을 설치하여 낯선 사람을 대면하지 않고 택배를 수령할 수 있는 서비스,택배 주문 시 배송란에 여성안심택배함 주소 입력  → 택배가 도착하면 휴대폰 문자로 인증번호 수신 → 택배함으로 와서 인증번호 입력 후 택배 찾기 ※택배도착 후 48시간 까지만 무료이며 이후부터 하루당 1천원씩 요금 발생,입구 좌측 벽면,,,,,,,,,,,,,,,,,,여성안심택배함이란?,이용 방법,자세한 위치,,,,,,,,,,,,,,,,,,,1,4,#0000FF,,2018.6.28 10:14,2018.6.28 10:14
서울특별시 서대문구 연희로 189,서울특별시 서대문구 연희동 77-9,126.9352473,37.5738844,100180,wtb_13_06_071,KOR,연희동주민센터,,서대문구,,,,,,1899-4708,여성1인가구 등을 위해 다세대주택 지역에 무인택배함을 설치하여 낯선 사람을 대면하지 않고 택배를 수령할 수 있는 서비스,택배 주문 시 배송란에 여성안심택배함 주소 입력  → 택배가 도착하면 휴대폰 문자로 인증번호 수신 → 택배함으로 와서 인증번호 입력 후 택배 찾기 ※택배도착 후 48시간 까지만 무료이며 이후부터 하루당 1천원씩 요금 발생,정문 좌측 계단 밑,,,,,,,,,,,,,,,,,,여성안심택배함이란?,이용 방법,자세한 위치,,,,,,,,,,,,,,,,,,,1,4,#0000FF,,2018.6.28 10:14,2018.6.28 10:14
서울특별시 서대문구 모래내로 334,서울특별시 서대문구 홍은동 273-10,126.9341545,37.58010964,100180,wtb_13_07,KOR,홍은2동 주민센터,,서대문구,,,,,,1899-4708,여성1인가구 등을 위해 다세대주택 지역에 무인택배함을 설치하여 낯선 사람을 대면하지 않고 택배를 수령할 수 있는 서비스,택배 주문 시 배송란에 여성안심택배함 주소 입력  → 택배가 도착하면 휴대폰 문자로 인증번호 수신 → 택배함으로 와서 인증번호 입력 후 택배 찾기 ※택배도착 후 48시간 까지만 무료이며 이후부터 하루당 1천원씩 요금 발생,주민센터 입구,,,,,,,,,,,,,,,,,,여성안심택배함이란?,이용 방법,자세한 위치,,,,,,,,,,,,,,,,,,,1,4,#0000FF,,2018.6.28 10:14,2018.6.28 10:14
서울특별시 서대문구 세검정로4길 32,서울특별시 서대문구 홍제동 7-13,126.9496913,37.59376099,100180,wtb_13_08,KOR,홍제3동 주민센터,,서대문구,,,,,,1899-4708,여성1인가구 등을 위해 다세대주택 지역에 무인택배함을 설치하여 낯선 사람을 대면하지 않고 택배를 수령할 수 있는 서비스,택배 주문 시 배송란에 여성안심택배함 주소 입력  → 택배가 도착하면 휴대폰 문자로 인증번호 수신 → 택배함으로 와서 인증번호 입력 후 택배 찾기 ※택배도착 후 48시간 까지만 무료이며 이후부터 하루당 1천원씩 요금 발생,주민센터 입구,,,,,,,,,,,,,,,,,,여성안심택배함이란?,이용 방법,자세한 위치,,,,,,,,,,,,,,,,,,,1,4,#0000FF,,2018.6.28 10:14,2018.6.28 10:14
서울특별시 마포구 도화길 37,서울특별시 마포구 도화동 557,126.9498735,37.54153169,100180,wtb_14_01_072,KOR,도화동 주민센터,,마포구,,,,,,1899-4708,여성1인가구 등을 위해 다세대주택 지역에 무인택배함을 설치하여 낯선 사람을 대면하지 않고 택배를 수령할 수 있는 서비스,택배 주문 시 배송란에 여성안심택배함 주소 입력  → 택배가 도착하면 휴대폰 문자로 인증번호 수신 → 택배함으로 와서 인증번호 입력 후 택배 찾기 ※택배도착 후 48시간 까지만 무료이며 이후부터 하루당 1천원씩 요금 발생,민방위본부 통로 왼쪽벽,,,,,,,,,,,,,,,,,,여성안심택배함이란?,이용 방법,자세한 위치,,,,,,,,,,,,,,,,,,,1,4,#0000FF,,2018.6.28 10:14,2018.6.28 10:14
서울특별시 마포구 동교로41길 36,서울특별시 마포구 연남동 239-56,126.9234274,37.56385504,100180,wtb_14_02_073,KOR,연남동 주민커뮤니티센터,,마포구,,,,,,1899-4708,여성1인가구 등을 위해 다세대주택 지역에 무인택배함을 설치하여 낯선 사람을 대면하지 않고 택배를 수령할 수 있는 서비스,택배 주문 시 배송란에 여성안심택배함 주소 입력  → 택배가 도착하면 휴대폰 문자로 인증번호 수신 → 택배함으로 와서 인증번호 입력 후 택배 찾기 ※택배도착 후 48시간 까지만 무료이며 이후부터 하루당 1천원씩 요금 발생,입구 왼쪽 계단 앞,,,,,,,,,,,,,,,,,,여성안심택배함이란?,이용 방법,자세한 위치,,,,,,,,,,,,,,,,,,,1,4,#0000FF,,2018.6.28 10:14,2018.6.28 10:14
신촌로26길 10,마포구 노고산동 1-83,126.9426302,37.55572362,100180,wtb_14_03_074,KOR,우리마포복지관,,마포구,,,,,,1899-4708,여성1인가구 등을 위해 다세대주택 지역에 무인택배함을 설치하여 낯선 사람을 대면하지 않고 택배를 수령할 수 있는 서비스,택배 주문 시 배송란에 여성안심택배함 주소 입력  → 택배가 도착하면 휴대폰 문자로 인증번호 수신 → 택배함으로 와서 인증번호 입력 후 택배 찾기 ※택배도착 후 48시간 까지만 무료이며 이후부터 하루당 1천원씩 요금 발생,입구 나무마루 정면,,,,,,,,,,,,,,,,,,여성안심택배함이란?,이용 방법,자세한 위치,,,,,,,,,,,,,,,,,,,1,2,#0000FF,,2018.6.28 10:14,2018.8.8 9:21
서울특별시 마포구 대흥로20길 28,서울특별시 마포구 대흥동 30-3,126.945536,37.54990546,100180,wtb_14_04_075,KOR,마포아트센터,,마포구,,,,,,1899-4708,여성1인가구 등을 위해 다세대주택 지역에 무인택배함을 설치하여 낯선 사람을 대면하지 않고 택배를 수령할 수 있는 서비스,택배 주문 시 배송란에 여성안심택배함 주소 입력  → 택배가 도착하면 휴대폰 문자로 인증번호 수신 → 택배함으로 와서 인증번호 입력 후 택배 찾기 ※택배도착 후 48시간 까지만 무료이며 이후부터 하루당 1천원씩 요금 발생,셔틀버스 주차장 관리소 옆,,,,,,,,,,,,,,,,,,여성안심택배함이란?,이용 방법,자세한 위치,,,,,,,,,,,,,,,,,,,1,4,#0000FF,,2018.6.28 10:14,2018.6.28 10:14
서울특별시 마포구 성암로 197,서울특별시 마포구 상암동 1621,126.8971679,37.57727433,100180,wtb_14_05_076,KOR,상암동 제1공영주차장,,마포구,,,,,,1899-4708,여성1인가구 등을 위해 다세대주택 지역에 무인택배함을 설치하여 낯선 사람을 대면하지 않고 택배를 수령할 수 있는 서비스,택배 주문 시 배송란에 여성안심택배함 주소 입력  → 택배가 도착하면 휴대폰 문자로 인증번호 수신 → 택배함으로 와서 인증번호 입력 후 택배 찾기 ※택배도착 후 48시간 까지만 무료이며 이후부터 하루당 1천원씩 요금 발생,차량게이트 좌측면 사무실 앞 벽면,,,,,,,,,,,,,,,,,,여성안심택배함이란?,이용 방법,자세한 위치,,,,,,,,,,,,,,,,,,,1,4,#0000FF,,2018.6.28 10:14,2018.6.28 10:14
서울특별시 마포구 성미산로17길 79,마포구 연남동 487-35,126.917164,37.56502974,100180,wtb_14_06_077,KOR,연남동희망원룸주택,,마포구,,,,,,1899-4708,여성1인가구 등을 위해 다세대주택 지역에 무인택배함을 설치하여 낯선 사람을 대면하지 않고 택배를 수령할 수 있는 서비스,택배 주문 시 배송란에 여성안심택배함 주소 입력  → 택배가 도착하면 휴대폰 문자로 인증번호 수신 → 택배함으로 와서 인증번호 입력 후 택배 찾기 ※택배도착 후 48시간 까지만 무료이며 이후부터 하루당 1천원씩 요금 발생,카페 주차장 쪽 벽면,,,,,,,,,,,,,,,,,,여성안심택배함이란?,이용 방법,자세한 위치,,,,,,,,,,,,,,,,,,,1,2,#0000FF,,2018.6.28 10:14,2018.8.6 12:20
서울특별시 마포구 월드컵북로30길 22,서울특별시 마포구 성산동 145-27,126.9089696,37.56861385,100180,wtb_14_07_078,KOR,성산2동주민센터,,마포구,,,,,,1899-4708,여성1인가구 등을 위해 다세대주택 지역에 무인택배함을 설치하여 낯선 사람을 대면하지 않고 택배를 수령할 수 있는 서비스,택배 주문 시 배송란에 여성안심택배함 주소 입력  → 택배가 도착하면 휴대폰 문자로 인증번호 수신 → 택배함으로 와서 인증번호 입력 후 택배 찾기 ※택배도착 후 48시간 까지만 무료이며 이후부터 하루당 1천원씩 요금 발생,출입문 안쪽 좌측,,,,,,,,,,,,,,,,,,여성안심택배함이란?,이용 방법,자세한 위치,,,,,,,,,,,,,,,,,,,1,4,#0000FF,,2018.6.28 10:14,2018.6.28 10:14
서울특별시 마포구 독막로 192,서울특별시 마포구 신수동 458,126.9351342,37.54713625,100180,wtb_14_08,KOR,신수동주민센터,,마포구,,,,,,1899-4708,여성1인가구 등을 위해 다세대주택 지역에 무인택배함을 설치하여 낯선 사람을 대면하지 않고 택배를 수령할 수 있는 서비스,택배 주문 시 배송란에 여성안심택배함 주소 입력  → 택배가 도착하면 휴대폰 문자로 인증번호 수신 → 택배함으로 와서 인증번호 입력 후 택배 찾기 ※택배도착 후 48시간 까지만 무료이며 이후부터 하루당 1천원씩 요금 발생,주민센터 입구,,,,,,,,,,,,,,,,,,여성안심택배함이란?,이용 방법,자세한 위치,,,,,,,,,,,,,,,,,,,1,4,#0000FF,,2018.6.28 10:14,2018.6.28 10:14
서울특별시 마포구 월드컵로31길 69,마포구 망원동 436-1,126.9012171,37.56028558,100180,wtb_14_09,KOR,초록북 카페,,마포구,,,,,,1899-4708,여성1인가구 등을 위해 다세대주택 지역에 무인택배함을 설치하여 낯선 사람을 대면하지 않고 택배를 수령할 수 있는 서비스,택배 주문 시 배송란에 여성안심택배함 주소 입력  → 택배가 도착하면 휴대폰 문자로 인증번호 수신 → 택배함으로 와서 인증번호 입력 후 택배 찾기 ※택배도착 후 48시간 까지만 무료이며 이후부터 하루당 1천원씩 요금 발생,건물 입구 우측 계단 밑,,,,,,,,,,,,,,,,,,여성안심택배함이란?,이용 방법,자세한 위치,,,,,,,,,,,,,,,,,,,1,2,#0000FF,,2018.6.28 10:14,2018.8.6 14:03
서울특별시 양천구 목동중앙남로16나길 55,서울특별시 양천구 목동 642-1,126.8644558,37.54476941,100180,wtb_15_01_079,KOR,목3동 주민센터,,양천구,,,,,,1899-4708,여성1인가구 등을 위해 다세대주택 지역에 무인택배함을 설치하여 낯선 사람을 대면하지 않고 택배를 수령할 수 있는 서비스,택배 주문 시 배송란에 여성안심택배함 주소 입력  → 택배가 도착하면 휴대폰 문자로 인증번호 수신 → 택배함으로 와서 인증번호 입력 후 택배 찾기 ※택배도착 후 48시간 까지만 무료이며 이후부터 하루당 1천원씩 요금 발생,주민센터 입구 좌측,,,,,,,,,,,,,,,,,,여성안심택배함이란?,이용 방법,자세한 위치,,,,,,,,,,,,,,,,,,,1,4,#0000FF,,2018.6.28 10:14,2018.6.28 10:14
서울특별시 양천구 오목로5길 34,서울특별시 양천구 신월동 425-2,126.8400929,37.52470429,100180,wtb_15_02_080,KOR,신월4동주민센터,,양천구,,,,,,1899-4708,여성1인가구 등을 위해 다세대주택 지역에 무인택배함을 설치하여 낯선 사람을 대면하지 않고 택배를 수령할 수 있는 서비스,택배 주문 시 배송란에 여성안심택배함 주소 입력  → 택배가 도착하면 휴대폰 문자로 인증번호 수신 → 택배함으로 와서 인증번호 입력 후 택배 찾기 ※택배도착 후 48시간 까지만 무료이며 이후부터 하루당 1천원씩 요금 발생,주민센터 내부 우측벽 ,,,,,,,,,,,,,,,,,,여성안심택배함이란?,이용 방법,자세한 위치,,,,,,,,,,,,,,,,,,,1,4,#0000FF,,2018.6.28 10:14,2018.6.28 10:14
서울특별시 양천구 화곡로4길 10,서울특별시 양천구 신월동 52-2,126.8271735,37.53858312,100180,wtb_15_03_081,KOR,신월5동주민센터,,양천구,,,,,,1899-4708,여성1인가구 등을 위해 다세대주택 지역에 무인택배함을 설치하여 낯선 사람을 대면하지 않고 택배를 수령할 수 있는 서비스,택배 주문 시 배송란에 여성안심택배함 주소 입력  → 택배가 도착하면 휴대폰 문자로 인증번호 수신 → 택배함으로 와서 인증번호 입력 후 택배 찾기 ※택배도착 후 48시간 까지만 무료이며 이후부터 하루당 1천원씩 요금 발생,주민센터 입구 좌측 기둥과 가장자리 사이,,,,,,,,,,,,,,,,,,여성안심택배함이란?,이용 방법,자세한 위치,,,,,,,,,,,,,,,,,,,1,4,#0000FF,,2018.6.28 10:14,2018.6.28 10:14
서울특별시 양천구 지양로 47,서울특별시 양천구 신월동 987,126.8345682,37.52044756,100180,wtb_15_04_082,KOR,신월문화체육센터,,양천구,,,,,,1899-4708,여성1인가구 등을 위해 다세대주택 지역에 무인택배함을 설치하여 낯선 사람을 대면하지 않고 택배를 수령할 수 있는 서비스,택배 주문 시 배송란에 여성안심택배함 주소 입력  → 택배가 도착하면 휴대폰 문자로 인증번호 수신 → 택배함으로 와서 인증번호 입력 후 택배 찾기 ※택배도착 후 48시간 까지만 무료이며 이후부터 하루당 1천원씩 요금 발생,입구 우측 벽면,,,,,,,,,,,,,,,,,,여성안심택배함이란?,이용 방법,자세한 위치,,,,,,,,,,,,,,,,,,,1,4,#0000FF,,2018.6.28 10:14,2018.6.28 10:14
목동중앙본로 73,양천구 목동 946-1,126.8691617,37.54264801,100180,wtb_15_05_083,KOR,목동문화체육센터,,양천구,,,,,,1899-4708,여성1인가구 등을 위해 다세대주택 지역에 무인택배함을 설치하여 낯선 사람을 대면하지 않고 택배를 수령할 수 있는 서비스,택배 주문 시 배송란에 여성안심택배함 주소 입력  → 택배가 도착하면 휴대폰 문자로 인증번호 수신 → 택배함으로 와서 인증번호 입력 후 택배 찾기 ※택배도착 후 48시간 까지만 무료이며 이후부터 하루당 1천원씩 요금 발생,입구 좌측,,,,,,,,,,,,,,,,,,여성안심택배함이란?,이용 방법,자세한 위치,,,,,,,,,,,,,,,,,,,1,2,#0000FF,,2018.6.28 10:14,2018.8.6 10:54
서울특별시 양천구 오목로34길 5,서울특별시 양천구 신정동 949-5,126.8558122,37.52457159,100180,wtb_15_06_084,KOR,신정4동주민센터,,양천구,,,,,,1899-4708,여성1인가구 등을 위해 다세대주택 지역에 무인택배함을 설치하여 낯선 사람을 대면하지 않고 택배를 수령할 수 있는 서비스,택배 주문 시 배송란에 여성안심택배함 주소 입력  → 택배가 도착하면 휴대폰 문자로 인증번호 수신 → 택배함으로 와서 인증번호 입력 후 택배 찾기 ※택배도착 후 48시간 까지만 무료이며 이후부터 하루당 1천원씩 요금 발생,1층 입구,,,,,,,,,,,,,,,,,,여성안심택배함이란?,이용 방법,자세한 위치,,,,,,,,,,,,,,,,,,,1,4,#0000FF,,2018.6.28 10:14,2018.6.28 10:14
서울특별시 양천구 남부순환로54길 5,서울특별시 양천구 신월동 167-5,126.8291155,37.53364907,100180,wtb_15_07_085,KOR,신월3동주민센터,,양천구,,,,,,1899-4708,여성1인가구 등을 위해 다세대주택 지역에 무인택배함을 설치하여 낯선 사람을 대면하지 않고 택배를 수령할 수 있는 서비스,택배 주문 시 배송란에 여성안심택배함 주소 입력  → 택배가 도착하면 휴대폰 문자로 인증번호 수신 → 택배함으로 와서 인증번호 입력 후 택배 찾기 ※택배도착 후 48시간 까지만 무료이며 이후부터 하루당 1천원씩 요금 발생,입구 좌측 벽면,,,,,,,,,,,,,,,,,,여성안심택배함이란?,이용 방법,자세한 위치,,,,,,,,,,,,,,,,,,,1,4,#0000FF,,2018.6.28 10:14,2018.6.28 10:14
서울특별시 양천구 목동중앙로3길 21,서울특별시 양천구 목동 765-1,126.8692497,37.5364595,100180,wtb_15_08_086,KOR,목동실버복지문화센터,,양천구,,,,,,1899-4708,여성1인가구 등을 위해 다세대주택 지역에 무인택배함을 설치하여 낯선 사람을 대면하지 않고 택배를 수령할 수 있는 서비스,택배 주문 시 배송란에 여성안심택배함 주소 입력  → 택배가 도착하면 휴대폰 문자로 인증번호 수신 → 택배함으로 와서 인증번호 입력 후 택배 찾기 ※택배도착 후 48시간 까지만 무료이며 이후부터 하루당 1천원씩 요금 발생,입구 좌측 벽면,,,,,,,,,,,,,,,,,,여성안심택배함이란?,이용 방법,자세한 위치,,,,,,,,,,,,,,,,,,,1,4,#0000FF,,2018.6.28 10:14,2018.6.28 10:14
서울특별시 양천구 중앙로 250,서울특별시 양천구 신정동 1032-12,126.8537476,37.51889695,100180,wtb_15_09,KOR,양천나눔누리센터,,양천구,,,,,,1899-4708,여성1인가구 등을 위해 다세대주택 지역에 무인택배함을 설치하여 낯선 사람을 대면하지 않고 택배를 수령할 수 있는 서비스,택배 주문 시 배송란에 여성안심택배함 주소 입력  → 택배가 도착하면 휴대폰 문자로 인증번호 수신 → 택배함으로 와서 인증번호 입력 후 택배 찾기 ※택배도착 후 48시간 까지만 무료이며 이후부터 하루당 1천원씩 요금 발생,건물 입구,,,,,,,,,,,,,,,,,,여성안심택배함이란?,이용 방법,자세한 위치,,,,,,,,,,,,,,,,,,,1,4,#0000FF,,2018.6.28 10:14,2018.6.28 10:14
서울특별시 강서구 송정로 45,서울특별시 강서구 공항동 60-28,126.8100731,37.55878245,100180,wtb_16_01_087,KOR,공항동 주민센터,,강서구,,,,,,1899-4708,여성1인가구 등을 위해 다세대주택 지역에 무인택배함을 설치하여 낯선 사람을 대면하지 않고 택배를 수령할 수 있는 서비스,택배 주문 시 배송란에 여성안심택배함 주소 입력  → 택배가 도착하면 휴대폰 문자로 인증번호 수신 → 택배함으로 와서 인증번호 입력 후 택배 찾기 ※택배도착 후 48시간 까지만 무료이며 이후부터 하루당 1천원씩 요금 발생,입구 우측 벽면,,,,,,,,,,,,,,,,,,여성안심택배함이란?,이용 방법,자세한 위치,,,,,,,,,,,,,,,,,,,1,4,#0000FF,,2018.6.28 10:14,2018.6.28 10:14
까치산로4길 21,강서구 화곡동 98-99,126.8445482,37.54176606,100180,wtb_16_02_088,KOR,볏골공원공원주차장,,강서구,,,,,,1899-4708,여성1인가구 등을 위해 다세대주택 지역에 무인택배함을 설치하여 낯선 사람을 대면하지 않고 택배를 수령할 수 있는 서비스,택배 주문 시 배송란에 여성안심택배함 주소 입력  → 택배가 도착하면 휴대폰 문자로 인증번호 수신 → 택배함으로 와서 인증번호 입력 후 택배 찾기 ※택배도착 후 48시간 까지만 무료이며 이후부터 하루당 1천원씩 요금 발생,주차장 통행로 우측벽,,,,,,,,,,,,,,,,,,여성안심택배함이란?,이용 방법,자세한 위치,,,,,,,,,,,,,,,,,,,1,2,#0000FF,,2018.6.28 10:14,2018.8.6 15:58
서울특별시 강서구 곰달래로57가길 26,서울특별시 강서구 화곡동 809-3,126.8607904,37.53456222,100180,wtb_16_03_089,KOR,화곡4동 주민센터,,강서구,,,,,,1899-4708,여성1인가구 등을 위해 다세대주택 지역에 무인택배함을 설치하여 낯선 사람을 대면하지 않고 택배를 수령할 수 있는 서비스,택배 주문 시 배송란에 여성안심택배함 주소 입력  → 택배가 도착하면 휴대폰 문자로 인증번호 수신 → 택배함으로 와서 인증번호 입력 후 택배 찾기 ※택배도착 후 48시간 까지만 무료이며 이후부터 하루당 1천원씩 요금 발생,입구 왼쪽 외부벽,,,,,,,,,,,,,,,,,,여성안심택배함이란?,이용 방법,자세한 위치,,,,,,,,,,,,,,,,,,,1,4,#0000FF,,2018.6.28 10:14,2018.6.28 10:14
서울특별시 강서구 강서로5길 50,서울특별시 강서구 화곡동 890,126.848899,37.52905871,100180,wtb_16_04_090,KOR,곰달래복지문화센터,,강서구,,,,,,1899-4708,여성1인가구 등을 위해 다세대주택 지역에 무인택배함을 설치하여 낯선 사람을 대면하지 않고 택배를 수령할 수 있는 서비스,택배 주문 시 배송란에 여성안심택배함 주소 입력  → 택배가 도착하면 휴대폰 문자로 인증번호 수신 → 택배함으로 와서 인증번호 입력 후 택배 찾기 ※택배도착 후 48시간 까지만 무료이며 이후부터 하루당 1천원씩 요금 발생,엘리베이터홀 벽면,,,,,,,,,,,,,,,,,,여성안심택배함이란?,이용 방법,자세한 위치,,,,,,,,,,,,,,,,,,,1,4,#0000FF,,2018.6.28 10:14,2018.6.28 10:14
서울특별시 강서구 강서로52길 89,서울특별시 강서구 내발산동 648-8,126.8431988,37.5574916,100180,wtb_16_05_091,KOR,내발산동 문화센터,,강서구,,,,,,1899-4708,여성1인가구 등을 위해 다세대주택 지역에 무인택배함을 설치하여 낯선 사람을 대면하지 않고 택배를 수령할 수 있는 서비스,택배 주문 시 배송란에 여성안심택배함 주소 입력  → 택배가 도착하면 휴대폰 문자로 인증번호 수신 → 택배함으로 와서 인증번호 입력 후 택배 찾기 ※택배도착 후 48시간 까지만 무료이며 이후부터 하루당 1천원씩 요금 발생,센터건물 좌측 통로 유리문 앞,,,,,,,,,,,,,,,,,,여성안심택배함이란?,이용 방법,자세한 위치,,,,,,,,,,,,,,,,,,,1,4,#0000FF,,2018.6.28 10:14,2018.6.28 10:14
서울특별시 강서구 곰달래로15길 28,서울특별시 강서구 화곡동 424-94,126.8398749,37.53142186,100180,wtb_16_06_092,KOR,화곡 1-1 공영주차장,,강서구,,,,,,1899-4708,여성1인가구 등을 위해 다세대주택 지역에 무인택배함을 설치하여 낯선 사람을 대면하지 않고 택배를 수령할 수 있는 서비스,택배 주문 시 배송란에 여성안심택배함 주소 입력  → 택배가 도착하면 휴대폰 문자로 인증번호 수신 → 택배함으로 와서 인증번호 입력 후 택배 찾기 ※택배도착 후 48시간 까지만 무료이며 이후부터 하루당 1천원씩 요금 발생,차량게이트 안 좌측 벽면,,,,,,,,,,,,,,,,,,여성안심택배함이란?,이용 방법,자세한 위치,,,,,,,,,,,,,,,,,,,1,4,#0000FF,,2018.6.28 10:14,2018.6.28 10:14
서울특별시 강서구 화곡로15길 40,서울특별시 강서구 화곡동 1045,126.8347293,37.54176906,100180,wtb_16_07_093,KOR,화곡 3-1 공영주차장,,강서구,,,,,,1899-4708,여성1인가구 등을 위해 다세대주택 지역에 무인택배함을 설치하여 낯선 사람을 대면하지 않고 택배를 수령할 수 있는 서비스,택배 주문 시 배송란에 여성안심택배함 주소 입력  → 택배가 도착하면 휴대폰 문자로 인증번호 수신 → 택배함으로 와서 인증번호 입력 후 택배 찾기 ※택배도착 후 48시간 까지만 무료이며 이후부터 하루당 1천원씩 요금 발생,차량게이트 우측 벽면,,,,,,,,,,,,,,,,,,여성안심택배함이란?,이용 방법,자세한 위치,,,,,,,,,,,,,,,,,,,1,4,#0000FF,,2018.6.28 10:14,2018.6.28 10:14
우장산로 114,강서구 화곡동 1103-6,126.8489883,37.55315311,100180,wtb_16_08_094,KOR,화곡 6-1 공영주차장,,강서구,,,,,,1899-4708,여성1인가구 등을 위해 다세대주택 지역에 무인택배함을 설치하여 낯선 사람을 대면하지 않고 택배를 수령할 수 있는 서비스,택배 주문 시 배송란에 여성안심택배함 주소 입력  → 택배가 도착하면 휴대폰 문자로 인증번호 수신 → 택배함으로 와서 인증번호 입력 후 택배 찾기 ※택배도착 후 48시간 까지만 무료이며 이후부터 하루당 1천원씩 요금 발생,차량 출구 좌측 자판기 옆,,,,,,,,,,,,,,,,,,여성안심택배함이란?,이용 방법,자세한 위치,,,,,,,,,,,,,,,,,,,1,2,#0000FF,,2018.6.28 10:14,2018.8.8 11:04
가로공원로 189,강서구 화곡동 662-19,126.8371465,37.53729074,100180,wtb_16_09_095,KOR,가로공원공영주차장1번출구,,강서구,,,,,,1899-4708,여성1인가구 등을 위해 다세대주택 지역에 무인택배함을 설치하여 낯선 사람을 대면하지 않고 택배를 수령할 수 있는 서비스,택배 주문 시 배송란에 여성안심택배함 주소 입력  → 택배가 도착하면 휴대폰 문자로 인증번호 수신 → 택배함으로 와서 인증번호 입력 후 택배 찾기 ※택배도착 후 48시간 까지만 무료이며 이후부터 하루당 1천원씩 요금 발생,1번출구,,,,,,,,,,,,,,,,,,여성안심택배함이란?,이용 방법,자세한 위치,,,,,,,,,,,,,,,,,,,1,2,#0000FF,,2018.6.28 10:14,2018.8.6 9:18
서울특별시 강서구 곰달래로25길 45,서울특별시 강서구 화곡동 341-4,126.8483281,37.5327028,100180,wtb_16_10,KOR,화곡8동 주민센터,,강서구,,,,,,1899-4708,여성1인가구 등을 위해 다세대주택 지역에 무인택배함을 설치하여 낯선 사람을 대면하지 않고 택배를 수령할 수 있는 서비스,택배 주문 시 배송란에 여성안심택배함 주소 입력  → 택배가 도착하면 휴대폰 문자로 인증번호 수신 → 택배함으로 와서 인증번호 입력 후 택배 찾기 ※택배도착 후 48시간 까지만 무료이며 이후부터 하루당 1천원씩 요금 발생,주민센터 입구,,,,,,,,,,,,,,,,,,여성안심택배함이란?,이용 방법,자세한 위치,,,,,,,,,,,,,,,,,,,1,4,#0000FF,,2018.6.28 10:14,2018.6.28 10:14
서울특별시 구로구 구로동로 141,서울특별시 구로구 구로동 704-12,126.8833141,37.49130241,100180,wtb_17_01_096,KOR,구로2동주민센터앞,,구로구,,,,,,1899-4708,여성1인가구 등을 위해 다세대주택 지역에 무인택배함을 설치하여 낯선 사람을 대면하지 않고 택배를 수령할 수 있는 서비스,택배 주문 시 배송란에 여성안심택배함 주소 입력  → 택배가 도착하면 휴대폰 문자로 인증번호 수신 → 택배함으로 와서 인증번호 입력 후 택배 찾기 ※택배도착 후 48시간 까지만 무료이며 이후부터 하루당 1천원씩 요금 발생,입구 계단 치안센터 옆,,,,,,,,,,,,,,,,,,여성안심택배함이란?,이용 방법,자세한 위치,,,,,,,,,,,,,,,,,,,1,4,#0000FF,,2018.6.28 10:14,2018.6.28 10:14
서울특별시 구로구 고척로45길 39,서울특별시 구로구 고척동 9-14,126.8532783,37.50658242,100180,wtb_17_02_097,KOR,구로구민 체육센터,,구로구,,,,,,1899-4708,여성1인가구 등을 위해 다세대주택 지역에 무인택배함을 설치하여 낯선 사람을 대면하지 않고 택배를 수령할 수 있는 서비스,택배 주문 시 배송란에 여성안심택배함 주소 입력  → 택배가 도착하면 휴대폰 문자로 인증번호 수신 → 택배함으로 와서 인증번호 입력 후 택배 찾기 ※택배도착 후 48시간 까지만 무료이며 이후부터 하루당 1천원씩 요금 발생,입구 좌측 20m 지점,,,,,,,,,,,,,,,,,,여성안심택배함이란?,이용 방법,자세한 위치,,,,,,,,,,,,,,,,,,,1,4,#0000FF,,2018.6.28 10:14,2018.6.28 10:14
서울특별시 구로구 가마산로25길 21,서울특별시 구로구 구로동 102,126.8895474,37.49710368,100180,wtb_17_03_098,KOR,구로구민회관,,구로구,,,,,,1899-4708,여성1인가구 등을 위해 다세대주택 지역에 무인택배함을 설치하여 낯선 사람을 대면하지 않고 택배를 수령할 수 있는 서비스,택배 주문 시 배송란에 여성안심택배함 주소 입력  → 택배가 도착하면 휴대폰 문자로 인증번호 수신 → 택배함으로 와서 인증번호 입력 후 택배 찾기 ※택배도착 후 48시간 까지만 무료이며 이후부터 하루당 1천원씩 요금 발생,회관부속건물 입구 우측 유리문,,,,,,,,,,,,,,,,,,여성안심택배함이란?,이용 방법,자세한 위치,,,,,,,,,,,,,,,,,,,1,4,#0000FF,,2018.6.28 10:14,2018.6.28 10:14
서울특별시 구로구 구로중앙로 174,구로구 구로동 585-5,126.8816782,37.50188941,100180,wtb_17_04_099,KOR,구로역1번출구 AK플라자입구,,구로구,,,,,,1899-4708,여성1인가구 등을 위해 다세대주택 지역에 무인택배함을 설치하여 낯선 사람을 대면하지 않고 택배를 수령할 수 있는 서비스,택배 주문 시 배송란에 여성안심택배함 주소 입력  → 택배가 도착하면 휴대폰 문자로 인증번호 수신 → 택배함으로 와서 인증번호 입력 후 택배 찾기 ※택배도착 후 48시간 까지만 무료이며 이후부터 하루당 1천원씩 요금 발생,ak플라자 방면 육교 엘리베이터 앞,,,,,,,,,,,,,,,,,,여성안심택배함이란?,이용 방법,자세한 위치,,,,,,,,,,,,,,,,,,,1,2,#0000FF,,2018.6.28 10:14,2018.8.8 9:43
서울특별시 구로구 오리로22길 5,서울특별시 구로구 궁동 108-9,126.8295624,37.49913351,100180,wtb_17_05_100,KOR,궁동종합사회복지관,,구로구,,,,,,1899-4708,여성1인가구 등을 위해 다세대주택 지역에 무인택배함을 설치하여 낯선 사람을 대면하지 않고 택배를 수령할 수 있는 서비스,택배 주문 시 배송란에 여성안심택배함 주소 입력  → 택배가 도착하면 휴대폰 문자로 인증번호 수신 → 택배함으로 와서 인증번호 입력 후 택배 찾기 ※택배도착 후 48시간 까지만 무료이며 이후부터 하루당 1천원씩 요금 발생,후문 우측벽면,,,,,,,,,,,,,,,,,,여성안심택배함이란?,이용 방법,자세한 위치,,,,,,,,,,,,,,,,,,,1,4,#0000FF,,2018.6.28 10:14,2018.6.28 10:14
서울특별시 구로구 부일로1길 62,서울특별시 구로구 온수동 120-21,126.8190681,37.49329072,100180,wtb_17_06_101,KOR,온수동 공동이용시설,,구로구,,,,,,1899-4708,여성1인가구 등을 위해 다세대주택 지역에 무인택배함을 설치하여 낯선 사람을 대면하지 않고 택배를 수령할 수 있는 서비스,택배 주문 시 배송란에 여성안심택배함 주소 입력  → 택배가 도착하면 휴대폰 문자로 인증번호 수신 → 택배함으로 와서 인증번호 입력 후 택배 찾기 ※택배도착 후 48시간 까지만 무료이며 이후부터 하루당 1천원씩 요금 발생,건물 주차공간,,,,,,,,,,,,,,,,,,여성안심택배함이란?,이용 방법,자세한 위치,,,,,,,,,,,,,,,,,,,1,4,#0000FF,,2018.6.28 10:14,2018.6.28 10:14
서울특별시 구로구 도림천로 352,서울특별시 구로구 구로동 120-3,126.8942309,37.49344784,100180,wtb_17_07_102,KOR,서울메트로대림별관,,구로구,,,,,,1899-4708,여성1인가구 등을 위해 다세대주택 지역에 무인택배함을 설치하여 낯선 사람을 대면하지 않고 택배를 수령할 수 있는 서비스,택배 주문 시 배송란에 여성안심택배함 주소 입력  → 택배가 도착하면 휴대폰 문자로 인증번호 수신 → 택배함으로 와서 인증번호 입력 후 택배 찾기 ※택배도착 후 48시간 까지만 무료이며 이후부터 하루당 1천원씩 요금 발생,정문 좌측 벽면,,,,,,,,,,,,,,,,,,여성안심택배함이란?,이용 방법,자세한 위치,,,,,,,,,,,,,,,,,,,1,4,#0000FF,,2018.6.28 10:14,2018.6.28 10:14
서울특별시 구로구 구로동로26길 54,서울특별시 구로구 구로동 741-27,126.8863928,37.48960772,100180,wtb_17_08,KOR,구로구 시설관리공단,,구로구,,,,,,1899-4708,여성1인가구 등을 위해 다세대주택 지역에 무인택배함을 설치하여 낯선 사람을 대면하지 않고 택배를 수령할 수 있는 서비스,택배 주문 시 배송란에 여성안심택배함 주소 입력  → 택배가 도착하면 휴대폰 문자로 인증번호 수신 → 택배함으로 와서 인증번호 입력 후 택배 찾기 ※택배도착 후 48시간 까지만 무료이며 이후부터 하루당 1천원씩 요금 발생,시설관리공단 입구 옆,,,,,,,,,,,,,,,,,,여성안심택배함이란?,이용 방법,자세한 위치,,,,,,,,,,,,,,,,,,,1,4,#0000FF,,2018.6.28 10:14,2018.6.28 10:14
서울특별시 구로구 개봉로15길 58-2,서울특별시 구로구 개봉동 340-8,126.8528775,37.48997024,100180,wtb_17_09,KOR,중앙경로당,,구로구,,,,,,1899-4708,여성1인가구 등을 위해 다세대주택 지역에 무인택배함을 설치하여 낯선 사람을 대면하지 않고 택배를 수령할 수 있는 서비스,택배 주문 시 배송란에 여성안심택배함 주소 입력  → 택배가 도착하면 휴대폰 문자로 인증번호 수신 → 택배함으로 와서 인증번호 입력 후 택배 찾기 ※택배도착 후 48시간 까지만 무료이며 이후부터 하루당 1천원씩 요금 발생,건물 측면,,,,,,,,,,,,,,,,,,여성안심택배함이란?,이용 방법,자세한 위치,,,,,,,,,,,,,,,,,,,1,4,#0000FF,,2018.6.28 10:14,2018.6.28 10:14
서울특별시 금천구 시흥대로123길 11,서울특별시 금천구 독산동 289-5,126.8970434,37.47022076,100180,wtb_18_01_103,KOR,독산1동주민센터,,금천구,,,,,,1899-4708,여성1인가구 등을 위해 다세대주택 지역에 무인택배함을 설치하여 낯선 사람을 대면하지 않고 택배를 수령할 수 있는 서비스,택배 주문 시 배송란에 여성안심택배함 주소 입력  → 택배가 도착하면 휴대폰 문자로 인증번호 수신 → 택배함으로 와서 인증번호 입력 후 택배 찾기 ※택배도착 후 48시간 까지만 무료이며 이후부터 하루당 1천원씩 요금 발생,1층 좌측 주차장,,,,,,,,,,,,,,,,,,여성안심택배함이란?,이용 방법,자세한 위치,,,,,,,,,,,,,,,,,,,1,4,#0000FF,,2018.6.28 10:14,2018.6.28 10:14
서울특별시 금천구 시흥대로18길 40,서울특별시 금천구 시흥동 956-3,126.9058035,37.44026039,100180,wtb_18_02_104,KOR,시흥3동 주민센터,,금천구,,,,,,1899-4708,여성1인가구 등을 위해 다세대주택 지역에 무인택배함을 설치하여 낯선 사람을 대면하지 않고 택배를 수령할 수 있는 서비스,택배 주문 시 배송란에 여성안심택배함 주소 입력  → 택배가 도착하면 휴대폰 문자로 인증번호 수신 → 택배함으로 와서 인증번호 입력 후 택배 찾기 ※택배도착 후 48시간 까지만 무료이며 이후부터 하루당 1천원씩 요금 발생,입구 좌측 벽면,,,,,,,,,,,,,,,,,,여성안심택배함이란?,이용 방법,자세한 위치,,,,,,,,,,,,,,,,,,,1,4,#0000FF,,2018.6.28 10:14,2018.6.28 10:14
서울특별시 금천구 독산로72길 86-5,서울특별시 금천구 독산동 917-6,126.9064496,37.46951137,100180,wtb_18_03_105,KOR,금천호암노인복지관,,금천구,,,,,,1899-4708,여성1인가구 등을 위해 다세대주택 지역에 무인택배함을 설치하여 낯선 사람을 대면하지 않고 택배를 수령할 수 있는 서비스,택배 주문 시 배송란에 여성안심택배함 주소 입력  → 택배가 도착하면 휴대폰 문자로 인증번호 수신 → 택배함으로 와서 인증번호 입력 후 택배 찾기 ※택배도착 후 48시간 까지만 무료이며 이후부터 하루당 1천원씩 요금 발생,주차장 왼쪽,,,,,,,,,,,,,,,,,,여성안심택배함이란?,이용 방법,자세한 위치,,,,,,,,,,,,,,,,,,,1,4,#0000FF,,2018.6.28 10:14,2018.6.28 10:14
서울특별시 금천구 독산로36길 14,서울특별시 금천구 시흥동 812-38,126.9061869,37.45898015,100180,wtb_18_04_106,KOR,시흥4동 주민센터,,금천구,,,,,,1899-4708,여성1인가구 등을 위해 다세대주택 지역에 무인택배함을 설치하여 낯선 사람을 대면하지 않고 택배를 수령할 수 있는 서비스,택배 주문 시 배송란에 여성안심택배함 주소 입력  → 택배가 도착하면 휴대폰 문자로 인증번호 수신 → 택배함으로 와서 인증번호 입력 후 택배 찾기 ※택배도착 후 48시간 까지만 무료이며 이후부터 하루당 1천원씩 요금 발생,센터입구 우측외부 어린이집 창문앞,,,,,,,,,,,,,,,,,,여성안심택배함이란?,이용 방법,자세한 위치,,,,,,,,,,,,,,,,,,,1,4,#0000FF,,2018.6.28 10:14,2018.6.28 10:14
서울특별시 금천구 가산로 129,서울특별시 금천구 가산동 144-3,126.8917699,37.47689988,100180,wtb_18_05_107,KOR,가산동주민센터,,금천구,,,,,,1899-4708,여성1인가구 등을 위해 다세대주택 지역에 무인택배함을 설치하여 낯선 사람을 대면하지 않고 택배를 수령할 수 있는 서비스,택배 주문 시 배송란에 여성안심택배함 주소 입력  → 택배가 도착하면 휴대폰 문자로 인증번호 수신 → 택배함으로 와서 인증번호 입력 후 택배 찾기 ※택배도착 후 48시간 까지만 무료이며 이후부터 하루당 1천원씩 요금 발생,정문 좌측 벽면,,,,,,,,,,,,,,,,,,여성안심택배함이란?,이용 방법,자세한 위치,,,,,,,,,,,,,,,,,,,1,4,#0000FF,,2018.6.28 10:14,2018.6.28 10:14
서울특별시 금천구 독산로50길 105,서울특별시 금천구 시흥동 3-83,126.9101893,37.46233276,100180,wtb_18_06_108,KOR,시흥4치안센터,,금천구,,,,,,1899-4708,여성1인가구 등을 위해 다세대주택 지역에 무인택배함을 설치하여 낯선 사람을 대면하지 않고 택배를 수령할 수 있는 서비스,택배 주문 시 배송란에 여성안심택배함 주소 입력  → 택배가 도착하면 휴대폰 문자로 인증번호 수신 → 택배함으로 와서 인증번호 입력 후 택배 찾기 ※택배도착 후 48시간 까지만 무료이며 이후부터 하루당 1천원씩 요금 발생,정문 좌측 코너 돌아서 벽면,,,,,,,,,,,,,,,,,,여성안심택배함이란?,이용 방법,자세한 위치,,,,,,,,,,,,,,,,,,,1,4,#0000FF,,2018.6.28 10:14,2018.6.28 10:14
서울특별시 금천구 금하로 668,서울특별시 금천구 시흥동 893-1,126.9044049,37.45266325,100180,wtb_18_07,KOR,금빛휘트니스센터,,금천구,,,,,,1899-4708,여성1인가구 등을 위해 다세대주택 지역에 무인택배함을 설치하여 낯선 사람을 대면하지 않고 택배를 수령할 수 있는 서비스,택배 주문 시 배송란에 여성안심택배함 주소 입력  → 택배가 도착하면 휴대폰 문자로 인증번호 수신 → 택배함으로 와서 인증번호 입력 후 택배 찾기 ※택배도착 후 48시간 까지만 무료이며 이후부터 하루당 1천원씩 요금 발생,건물 정면 입구 우측,,,,,,,,,,,,,,,,,,여성안심택배함이란?,이용 방법,자세한 위치,,,,,,,,,,,,,,,,,,,1,4,#0000FF,,2018.6.28 10:14,2018.6.28 10:14
서울특별시 영등포구 당산로29길 9,서울특별시 영등포구 당산동3가 407,126.8939666,37.52596869,100180,wtb_19_01_109,KOR,그린케어센터,,영등포구,,,,,,1899-4708,여성1인가구 등을 위해 다세대주택 지역에 무인택배함을 설치하여 낯선 사람을 대면하지 않고 택배를 수령할 수 있는 서비스,택배 주문 시 배송란에 여성안심택배함 주소 입력  → 택배가 도착하면 휴대폰 문자로 인증번호 수신 → 택배함으로 와서 인증번호 입력 후 택배 찾기 ※택배도착 후 48시간 까지만 무료이며 이후부터 하루당 1천원씩 요금 발생,입구 우측,,,,,,,,,,,,,,,,,,여성안심택배함이란?,이용 방법,자세한 위치,,,,,,,,,,,,,,,,,,,1,4,#0000FF,,2018.6.28 10:14,2018.6.28 10:14
서울특별시 영등포구 신풍로 1,서울특별시 영등포구 신길동 426-3,126.9065194,37.50059261,100180,wtb_19_02_110,KOR,영등포구민 체육센터,,영등포구,,,,,,1899-4708,여성1인가구 등을 위해 다세대주택 지역에 무인택배함을 설치하여 낯선 사람을 대면하지 않고 택배를 수령할 수 있는 서비스,택배 주문 시 배송란에 여성안심택배함 주소 입력  → 택배가 도착하면 휴대폰 문자로 인증번호 수신 → 택배함으로 와서 인증번호 입력 후 택배 찾기 ※택배도착 후 48시간 까지만 무료이며 이후부터 하루당 1천원씩 요금 발생,1층 데스크 옆,평일6~22시 토요일8~18시 1·3주 일요일 10~18시 공휴일 휴무,,,,,,,,,,,,,,,,,여성안심택배함이란?,이용 방법,자세한 위치,이용 시간,,,,,,,,,,,,,,,,,,1,4,#0000FF,,2018.6.28 10:14,2018.6.28 10:14
서울특별시 영등포구 도신로 27,서울특별시 영등포구 대림동 608-2,126.8960964,37.50430325,100180,wtb_19_03_111,KOR,대림정보문화도서관,,영등포구,,,,,,1899-4708,여성1인가구 등을 위해 다세대주택 지역에 무인택배함을 설치하여 낯선 사람을 대면하지 않고 택배를 수령할 수 있는 서비스,택배 주문 시 배송란에 여성안심택배함 주소 입력  → 택배가 도착하면 휴대폰 문자로 인증번호 수신 → 택배함으로 와서 인증번호 입력 후 택배 찾기 ※택배도착 후 48시간 까지만 무료이며 이후부터 하루당 1천원씩 요금 발생,입구 좌측 외부,,,,,,,,,,,,,,,,,,여성안심택배함이란?,이용 방법,자세한 위치,,,,,,,,,,,,,,,,,,,1,4,#0000FF,,2018.6.28 10:14,2018.6.28 10:14
서울특별시 영등포구 영등포로84길 24-5,서울특별시 영등포구 신길동 465-2,126.92145,37.51100828,100180,wtb_19_04_112,KOR,신길1동 주민센터,,영등포구,,,,,,1899-4708,여성1인가구 등을 위해 다세대주택 지역에 무인택배함을 설치하여 낯선 사람을 대면하지 않고 택배를 수령할 수 있는 서비스,택배 주문 시 배송란에 여성안심택배함 주소 입력  → 택배가 도착하면 휴대폰 문자로 인증번호 수신 → 택배함으로 와서 인증번호 입력 후 택배 찾기 ※택배도착 후 48시간 까지만 무료이며 이후부터 하루당 1천원씩 요금 발생,입구 좌측 벽면,,,,,,,,,,,,,,,,,,여성안심택배함이란?,이용 방법,자세한 위치,,,,,,,,,,,,,,,,,,,1,4,#0000FF,,2018.6.28 10:14,2018.6.28 10:14
대림로23가길 5,영등포구 대림동 703-6,126.8993076,37.4928116,100180,wtb_19_05_113,KOR,다사랑어린이공원,,영등포구,,,,,,1899-4708,여성1인가구 등을 위해 다세대주택 지역에 무인택배함을 설치하여 낯선 사람을 대면하지 않고 택배를 수령할 수 있는 서비스,택배 주문 시 배송란에 여성안심택배함 주소 입력  → 택배가 도착하면 휴대폰 문자로 인증번호 수신 → 택배함으로 와서 인증번호 입력 후 택배 찾기 ※택배도착 후 48시간 까지만 무료이며 이후부터 하루당 1천원씩 요금 발생,입구 좌측 벽면,,,,,,,,,,,,,,,,,,여성안심택배함이란?,이용 방법,자세한 위치,,,,,,,,,,,,,,,,,,,1,2,#0000FF,,2018.6.28 10:14,2018.8.7 15:04
서울특별시 영등포구 도영로7길 10,서울특별시 영등포구 도림동 222-7,126.8959896,37.50953619,100180,wtb_19_06_114,KOR,도림동 주민센터,,영등포구,,,,,,1899-4708,여성1인가구 등을 위해 다세대주택 지역에 무인택배함을 설치하여 낯선 사람을 대면하지 않고 택배를 수령할 수 있는 서비스,택배 주문 시 배송란에 여성안심택배함 주소 입력  → 택배가 도착하면 휴대폰 문자로 인증번호 수신 → 택배함으로 와서 인증번호 입력 후 택배 찾기 ※택배도착 후 48시간 까지만 무료이며 이후부터 하루당 1천원씩 요금 발생,후문입구 좌측벽면,,,,,,,,,,,,,,,,,,여성안심택배함이란?,이용 방법,자세한 위치,,,,,,,,,,,,,,,,,,,1,4,#0000FF,,2018.6.28 10:14,2018.6.28 10:14
서울특별시 영등포구 여의대방로43길 10,서울특별시 영등포구 신길동 897-3,126.9213846,37.5064008,100180,wtb_19_07_115,KOR,신길7동 주민센터,,영등포구,,,,,,1899-4708,여성1인가구 등을 위해 다세대주택 지역에 무인택배함을 설치하여 낯선 사람을 대면하지 않고 택배를 수령할 수 있는 서비스,택배 주문 시 배송란에 여성안심택배함 주소 입력  → 택배가 도착하면 휴대폰 문자로 인증번호 수신 → 택배함으로 와서 인증번호 입력 후 택배 찾기 ※택배도착 후 48시간 까지만 무료이며 이후부터 하루당 1천원씩 요금 발생,지하1층 후문,,,,,,,,,,,,,,,,,,여성안심택배함이란?,이용 방법,자세한 위치,,,,,,,,,,,,,,,,,,,1,4,#0000FF,,2018.6.28 10:14,2018.6.28 10:14
서울특별시 영등포구 신길로40길 5,서울특별시 영등포구 신길동 232-20,126.9116872,37.50716562,100180,wtb_19_08_116,KOR,신길4동1동1마을공영주차장,,영등포구,,,,,,1899-4708,여성1인가구 등을 위해 다세대주택 지역에 무인택배함을 설치하여 낯선 사람을 대면하지 않고 택배를 수령할 수 있는 서비스,택배 주문 시 배송란에 여성안심택배함 주소 입력  → 택배가 도착하면 휴대폰 문자로 인증번호 수신 → 택배함으로 와서 인증번호 입력 후 택배 찾기 ※택배도착 후 48시간 까지만 무료이며 이후부터 하루당 1천원씩 요금 발생,입구 우측 벽면,,,,,,,,,,,,,,,,,,여성안심택배함이란?,이용 방법,자세한 위치,,,,,,,,,,,,,,,,,,,1,4,#0000FF,,2018.6.28 10:14,2018.6.28 10:14
서울특별시 영등포구 신길로61길 17,서울특별시 영등포구 영등포동 592-70,126.9093645,37.51466277,100180,wtb_19_09_117,KOR,영등포본동주민센터,,영등포구,,,,,,1899-4708,여성1인가구 등을 위해 다세대주택 지역에 무인택배함을 설치하여 낯선 사람을 대면하지 않고 택배를 수령할 수 있는 서비스,택배 주문 시 배송란에 여성안심택배함 주소 입력  → 택배가 도착하면 휴대폰 문자로 인증번호 수신 → 택배함으로 와서 인증번호 입력 후 택배 찾기 ※택배도착 후 48시간 까지만 무료이며 이후부터 하루당 1천원씩 요금 발생,입구 좌측 벽면,,,,,,,,,,,,,,,,,,여성안심택배함이란?,이용 방법,자세한 위치,,,,,,,,,,,,,,,,,,,1,4,#0000FF,,2018.6.28 10:14,2018.6.28 10:14
서울특별시 영등포구 버드나루로15길 10,서울특별시 영등포구 당산동 121-22,126.9071813,37.52580537,100180,wtb_19_10,KOR,영등포평생학습관,,영등포구,,,,,,1899-4708,여성1인가구 등을 위해 다세대주택 지역에 무인택배함을 설치하여 낯선 사람을 대면하지 않고 택배를 수령할 수 있는 서비스,택배 주문 시 배송란에 여성안심택배함 주소 입력  → 택배가 도착하면 휴대폰 문자로 인증번호 수신 → 택배함으로 와서 인증번호 입력 후 택배 찾기 ※택배도착 후 48시간 까지만 무료이며 이후부터 하루당 1천원씩 요금 발생,청사 본관 정문,,,,,,,,,,,,,,,,,,여성안심택배함이란?,이용 방법,자세한 위치,,,,,,,,,,,,,,,,,,,1,4,#0000FF,,2018.6.28 10:14,2018.6.28 10:14
서울특별시 강남구 양재대로55길 14 (일원동일원1동주민센터),서울특별시 강남구 일원동 712-3번지 일원1동주민센터,127.087934,37.49180123,100180,wtb_2018_1,KOR,일원1동주민센터,,강남구,,,,,,1899-4708,여성1인가구 등을 위해 다세대주택 지역에 무인택배함을 설치하여 낯선 사람을 대면하지 않고 택배를 수령할 수 있는 서비스,택배 주문 시 배송란에 여성안심택배함 주소 입력  → 택배가 도착하면 휴대폰 문자로 인증번호 수신 → 택배함으로 와서 인증번호 입력 후 택배 찾기 ※택배도착 후 48시간 까지만 무료이며 이후부터 하루당 1천원씩 요금 발생,정문 좌측,,,,,,,,,,,,,,,,,,여성안심택배함이란?,이용 방법,자세한 위치,,,,,,,,,,,,,,,,,,,1,4,#0000FF,,2018.6.28 10:14,2018.6.28 10:14
서울특별시 금천구 시흥대로73길 70 (시흥동금천구종합청사),서울특별시 금천구 시흥동 1020번지 금천구종합청사,126.8955073,37.45644066,100180,wtb_2018_10,KOR,금천구청,,금천구,,,,,,1899-4708,여성1인가구 등을 위해 다세대주택 지역에 무인택배함을 설치하여 낯선 사람을 대면하지 않고 택배를 수령할 수 있는 서비스,택배 주문 시 배송란에 여성안심택배함 주소 입력  → 택배가 도착하면 휴대폰 문자로 인증번호 수신 → 택배함으로 와서 인증번호 입력 후 택배 찾기 ※택배도착 후 48시간 까지만 무료이며 이후부터 하루당 1천원씩 요금 발생,민원실 입구 우측,,,,,,,,,,,,,,,,,,여성안심택배함이란?,이용 방법,자세한 위치,,,,,,,,,,,,,,,,,,,1,4,#0000FF,,2018.6.28 10:14,2018.6.28 10:14
서울특별시 노원구 석계로 93 (월계동월계치안센터),서울특별시 노원구 월계동 412-8번지 월계치안센터,127.0614689,37.62282943,100180,wtb_2018_11,KOR,월계치안센터,,노원구,,,,,,1899-4708,여성1인가구 등을 위해 다세대주택 지역에 무인택배함을 설치하여 낯선 사람을 대면하지 않고 택배를 수령할 수 있는 서비스,택배 주문 시 배송란에 여성안심택배함 주소 입력  → 택배가 도착하면 휴대폰 문자로 인증번호 수신 → 택배함으로 와서 인증번호 입력 후 택배 찾기 ※택배도착 후 48시간 까지만 무료이며 이후부터 하루당 1천원씩 요금 발생,건물 우측벽,,,,,,,,,,,,,,,,,,여성안심택배함이란?,이용 방법,자세한 위치,,,,,,,,,,,,,,,,,,,1,4,#0000FF,,2018.6.28 10:14,2018.6.28 10:14
서울특별시 도봉구 덕릉로 247 (창동),서울특별시 도봉구 창동 581-2번지,127.0388625,37.63977504,100180,wtb_2018_12,KOR,신창교회,,도봉구,,,,,,1899-4708,여성1인가구 등을 위해 다세대주택 지역에 무인택배함을 설치하여 낯선 사람을 대면하지 않고 택배를 수령할 수 있는 서비스,택배 주문 시 배송란에 여성안심택배함 주소 입력  → 택배가 도착하면 휴대폰 문자로 인증번호 수신 → 택배함으로 와서 인증번호 입력 후 택배 찾기 ※택배도착 후 48시간 까지만 무료이며 이후부터 하루당 1천원씩 요금 발생,정문 앞,,,,,,,,,,,,,,,,,,여성안심택배함이란?,이용 방법,자세한 위치,,,,,,,,,,,,,,,,,,,1,4,#0000FF,,2018.6.28 10:14,2018.6.28 10:14
서울특별시 동작구 신대방1나길 26 (신대방동해피마트),서울특별시 동작구 신대방동 695-1번지 해피마트,126.9076991,37.48643604,100180,wtb_2018_13,KOR,해피유통,,동작구,,,,,,1899-4708,여성1인가구 등을 위해 다세대주택 지역에 무인택배함을 설치하여 낯선 사람을 대면하지 않고 택배를 수령할 수 있는 서비스,택배 주문 시 배송란에 여성안심택배함 주소 입력  → 택배가 도착하면 휴대폰 문자로 인증번호 수신 → 택배함으로 와서 인증번호 입력 후 택배 찾기 ※택배도착 후 48시간 까지만 무료이며 이후부터 하루당 1천원씩 요금 발생,가게 정문 좌측,,,,,,,,,,,,,,,,,,여성안심택배함이란?,이용 방법,자세한 위치,,,,,,,,,,,,,,,,,,,1,4,#0000FF,,2018.6.28 10:14,2018.6.28 10:14
서울특별시 마포구 숭문5길 8-6 (염리동),서울특별시 마포구 염리동 83-1번지,126.9450305,37.54821211,100180,wtb_2018_14,KOR,염리치안센터,,마포구,,,,,,1899-4708,여성1인가구 등을 위해 다세대주택 지역에 무인택배함을 설치하여 낯선 사람을 대면하지 않고 택배를 수령할 수 있는 서비스,택배 주문 시 배송란에 여성안심택배함 주소 입력  → 택배가 도착하면 휴대폰 문자로 인증번호 수신 → 택배함으로 와서 인증번호 입력 후 택배 찾기 ※택배도착 후 48시간 까지만 무료이며 이후부터 하루당 1천원씩 요금 발생,,,,,,,,,,,,,,,,,,,여성안심택배함이란?,이용 방법,자세한 위치,,,,,,,,,,,,,,,,,,,1,4,#0000FF,,2018.6.28 10:14,2018.6.28 10:14
서울특별시 서대문구 북아현로22길 38 (북아현동충현동주민센터),서울특별시 서대문구 북아현동 1-90번지 충현동주민센터,126.9547379,37.56490192,100180,wtb_2018_15,KOR,충현동주민센터,,서대문구,,,,,,1899-4708,여성1인가구 등을 위해 다세대주택 지역에 무인택배함을 설치하여 낯선 사람을 대면하지 않고 택배를 수령할 수 있는 서비스,택배 주문 시 배송란에 여성안심택배함 주소 입력  → 택배가 도착하면 휴대폰 문자로 인증번호 수신 → 택배함으로 와서 인증번호 입력 후 택배 찾기 ※택배도착 후 48시간 까지만 무료이며 이후부터 하루당 1천원씩 요금 발생,데크 위,,,,,,,,,,,,,,,,,,여성안심택배함이란?,이용 방법,자세한 위치,,,,,,,,,,,,,,,,,,,1,4,#0000FF,,2018.6.28 10:14,2018.6.28 10:14
서울특별시 성동구 사근동길 37 (사근동),서울특별시 성동구 사근동 223-22번지,127.0451924,37.56141118,100180,wtb_2018_16,KOR,사근동주민센터,,성동구,,,,,,1899-4708,여성1인가구 등을 위해 다세대주택 지역에 무인택배함을 설치하여 낯선 사람을 대면하지 않고 택배를 수령할 수 있는 서비스,택배 주문 시 배송란에 여성안심택배함 주소 입력  → 택배가 도착하면 휴대폰 문자로 인증번호 수신 → 택배함으로 와서 인증번호 입력 후 택배 찾기 ※택배도착 후 48시간 까지만 무료이며 이후부터 하루당 1천원씩 요금 발생,입구 좌측,,,,,,,,,,,,,,,,,,여성안심택배함이란?,이용 방법,자세한 위치,,,,,,,,,,,,,,,,,,,1,4,#0000FF,,2018.6.28 10:14,2018.6.28 10:14
서울특별시 성북구 한천로95길 7 (장위동성북청소년수련관),서울특별시 성북구 장위동 135-2번지 성북청소년수련관,127.0559933,37.61756636,100180,wtb_2018_17,KOR,성북청소년수련관,,성북구,,,,,,1899-4708,여성1인가구 등을 위해 다세대주택 지역에 무인택배함을 설치하여 낯선 사람을 대면하지 않고 택배를 수령할 수 있는 서비스,택배 주문 시 배송란에 여성안심택배함 주소 입력  → 택배가 도착하면 휴대폰 문자로 인증번호 수신 → 택배함으로 와서 인증번호 입력 후 택배 찾기 ※택배도착 후 48시간 까지만 무료이며 이후부터 하루당 1천원씩 요금 발생,정문 앞 ATM기기 옆,,,,,,,,,,,,,,,,,,여성안심택배함이란?,이용 방법,자세한 위치,,,,,,,,,,,,,,,,,,,1,4,#0000FF,,2018.6.28 10:14,2018.6.28 10:14
서울특별시 송파구 동남로 116 (문정동문정1동주민센터),서울특별시 송파구 문정동 29-21번지 문정1동주민센터,127.1241287,37.49011347,100180,wtb_2018_18,KOR,문정1동주민센터,,송파구,,,,,,1899-4708,여성1인가구 등을 위해 다세대주택 지역에 무인택배함을 설치하여 낯선 사람을 대면하지 않고 택배를 수령할 수 있는 서비스,택배 주문 시 배송란에 여성안심택배함 주소 입력  → 택배가 도착하면 휴대폰 문자로 인증번호 수신 → 택배함으로 와서 인증번호 입력 후 택배 찾기 ※택배도착 후 48시간 까지만 무료이며 이후부터 하루당 1천원씩 요금 발생,건물 좌측 벽면,,,,,,,,,,,,,,,,,,여성안심택배함이란?,이용 방법,자세한 위치,,,,,,,,,,,,,,,,,,,1,4,#0000FF,,2018.6.28 10:14,2018.6.28 10:14
서울특별시 양천구 목동중앙본로7가길 11 (목동),서울특별시 양천구 목동 717-28번지,126.8670236,37.54011763,100180,wtb_2018_19,KOR,목동보건지소,,양천구,,,,,,1899-4708,여성1인가구 등을 위해 다세대주택 지역에 무인택배함을 설치하여 낯선 사람을 대면하지 않고 택배를 수령할 수 있는 서비스,택배 주문 시 배송란에 여성안심택배함 주소 입력  → 택배가 도착하면 휴대폰 문자로 인증번호 수신 → 택배함으로 와서 인증번호 입력 후 택배 찾기 ※택배도착 후 48시간 까지만 무료이며 이후부터 하루당 1천원씩 요금 발생,1층 정문 우측,,,,,,,,,,,,,,,,,,여성안심택배함이란?,이용 방법,자세한 위치,,,,,,,,,,,,,,,,,,,1,4,#0000FF,,2018.6.28 10:14,2018.6.28 10:14
서울특별시 강동구 양재대로100길 13-4 (둔촌동선린교회),서울특별시 강동구 둔촌동 442-2번지 선린교회,127.1391208,37.53185185,100180,wtb_2018_2,KOR,선린교회,,강동구,,,,,,1899-4708,여성1인가구 등을 위해 다세대주택 지역에 무인택배함을 설치하여 낯선 사람을 대면하지 않고 택배를 수령할 수 있는 서비스,택배 주문 시 배송란에 여성안심택배함 주소 입력  → 택배가 도착하면 휴대폰 문자로 인증번호 수신 → 택배함으로 와서 인증번호 입력 후 택배 찾기 ※택배도착 후 48시간 까지만 무료이며 이후부터 하루당 1천원씩 요금 발생,교회 건물 우측 벽면,,,,,,,,,,,,,,,,,,여성안심택배함이란?,이용 방법,자세한 위치,,,,,,,,,,,,,,,,,,,1,4,#0000FF,,2018.6.28 10:14,2018.6.28 10:14
백범로 329,용산구 원효로1가 25,126.9653416,37.53863562,100180,wtb_2018_20,KOR,용산꿈나무종합타운,,용산구,,,,,,1899-4708,여성1인가구 등을 위해 다세대주택 지역에 무인택배함을 설치하여 낯선 사람을 대면하지 않고 택배를 수령할 수 있는 서비스,택배 주문 시 배송란에 여성안심택배함 주소 입력  → 택배가 도착하면 휴대폰 문자로 인증번호 수신 → 택배함으로 와서 인증번호 입력 후 택배 찾기 ※택배도착 후 48시간 까지만 무료이며 이후부터 하루당 1천원씩 요금 발생,건물 입구 우측,,,,,,,,,,,,,,,,,,여성안심택배함이란?,이용 방법,자세한 위치,,,,,,,,,,,,,,,,,,,1,2,#0000FF,,2018.6.28 10:14,2018.8.8 11:13
서울특별시 중구 퇴계로50길 59,서울특별시 중구 장충동2가 193-39,127.0009972,37.55996029,100180,wtb_2018_21,KOR,장충공영주차장,,중구,장충동2가,,193-39,,,1899-4708,여성1인가구 등을 위해 다세대주택 지역에 무인택배함을 설치하여 낯선 사람을 대면하지 않고 택배를 수령할 수 있는 서비스,택배 주문 시 배송란에 여성안심택배함 주소 입력  → 택배가 도착하면 휴대폰 문자로 인증번호 수신 → 택배함으로 와서 인증번호 입력 후 택배 찾기 ※택배도착 후 48시간 까지만 무료이며 이후부터 하루당 1천원씩 요금 발생,주차장 후문,,,,,,,,,,,,,,,,,,여성안심택배함이란?,이용 방법,자세한 위치,,,,,,,,,,,,,,,,,,,1,,#0000FF,,2018.6.28 10:14,2018.6.28 13:25
서울특별시 강서구 강서로47길 54 (내발산동발산1동주민센터),서울특별시 강서구 내발산동 681-5번지 발산1동주민센터,126.8331639,37.5530467,100180,wtb_2018_3,KOR,발산1동주민센터,,강서구,,,,,,1899-4708,여성1인가구 등을 위해 다세대주택 지역에 무인택배함을 설치하여 낯선 사람을 대면하지 않고 택배를 수령할 수 있는 서비스,택배 주문 시 배송란에 여성안심택배함 주소 입력  → 택배가 도착하면 휴대폰 문자로 인증번호 수신 → 택배함으로 와서 인증번호 입력 후 택배 찾기 ※택배도착 후 48시간 까지만 무료이며 이후부터 하루당 1천원씩 요금 발생,출입문 좌측,,,,,,,,,,,,,,,,,,여성안심택배함이란?,이용 방법,자세한 위치,,,,,,,,,,,,,,,,,,,1,4,#0000FF,,2018.6.28 10:14,2018.6.28 10:14
서울특별시 강서구 초록마을로14길 36 (화곡동초록동경로당),서울특별시 강서구 화곡동 55-79번지 초록동경로당,126.8485758,37.54113882,100180,wtb_2018_4,KOR,구립 초록동경로당,,강서구,,,,,,1899-4708,여성1인가구 등을 위해 다세대주택 지역에 무인택배함을 설치하여 낯선 사람을 대면하지 않고 택배를 수령할 수 있는 서비스,택배 주문 시 배송란에 여성안심택배함 주소 입력  → 택배가 도착하면 휴대폰 문자로 인증번호 수신 → 택배함으로 와서 인증번호 입력 후 택배 찾기 ※택배도착 후 48시간 까지만 무료이며 이후부터 하루당 1천원씩 요금 발생,정문,,,,,,,,,,,,,,,,,,여성안심택배함이란?,이용 방법,자세한 위치,,,,,,,,,,,,,,,,,,,1,4,#0000FF,,2018.6.28 10:14,2018.6.28 10:14
서울특별시 관악구 관악로 145 (봉천동관악구청),서울특별시 관악구 봉천동 1570-1번지 관악구청,126.9516285,37.4781663,100180,wtb_2018_5,KOR,관악구청,,관악구,,,,,,1899-4708,여성1인가구 등을 위해 다세대주택 지역에 무인택배함을 설치하여 낯선 사람을 대면하지 않고 택배를 수령할 수 있는 서비스,택배 주문 시 배송란에 여성안심택배함 주소 입력  → 택배가 도착하면 휴대폰 문자로 인증번호 수신 → 택배함으로 와서 인증번호 입력 후 택배 찾기 ※택배도착 후 48시간 까지만 무료이며 이후부터 하루당 1천원씩 요금 발생,도서관 옆,,,,,,,,,,,,,,,,,,여성안심택배함이란?,이용 방법,자세한 위치,,,,,,,,,,,,,,,,,,,1,4,#0000FF,,2018.6.28 10:14,2018.6.28 10:14
서울특별시 관악구 대학10길 8-2 (신림동),서울특별시 관악구 신림동 818-64번지,126.9372568,37.46767887,100180,wtb_2018_6,KOR,신림여성회관,,관악구,,,,,,1899-4708,여성1인가구 등을 위해 다세대주택 지역에 무인택배함을 설치하여 낯선 사람을 대면하지 않고 택배를 수령할 수 있는 서비스,택배 주문 시 배송란에 여성안심택배함 주소 입력  → 택배가 도착하면 휴대폰 문자로 인증번호 수신 → 택배함으로 와서 인증번호 입력 후 택배 찾기 ※택배도착 후 48시간 까지만 무료이며 이후부터 하루당 1천원씩 요금 발생,정문 좌측,,,,,,,,,,,,,,,,,,여성안심택배함이란?,이용 방법,자세한 위치,,,,,,,,,,,,,,,,,,,1,4,#0000FF,,2018.6.28 10:14,2018.6.28 10:14
서울특별시 광진구 긴고랑로12길 49 (중곡동중곡제1동주민센터),서울특별시 광진구 중곡동 259-10번지 중곡제1동주민센터,127.0798788,37.56061082,100180,wtb_2018_7,KOR,중곡1동주민센터,,광진구,,,,,,1899-4708,여성1인가구 등을 위해 다세대주택 지역에 무인택배함을 설치하여 낯선 사람을 대면하지 않고 택배를 수령할 수 있는 서비스,택배 주문 시 배송란에 여성안심택배함 주소 입력  → 택배가 도착하면 휴대폰 문자로 인증번호 수신 → 택배함으로 와서 인증번호 입력 후 택배 찾기 ※택배도착 후 48시간 까지만 무료이며 이후부터 하루당 1천원씩 요금 발생,출입구 우측통로,,,,,,,,,,,,,,,,,,여성안심택배함이란?,이용 방법,자세한 위치,,,,,,,,,,,,,,,,,,,1,4,#0000FF,,2018.6.28 10:14,2018.6.28 10:14
서울특별시 광진구 자양로 167 (구의동),서울특별시 광진구 구의동 254-32번지,127.0838208,37.54282862,100180,wtb_2018_8,KOR,광진경찰서,,광진구,,,,,,1899-4708,여성1인가구 등을 위해 다세대주택 지역에 무인택배함을 설치하여 낯선 사람을 대면하지 않고 택배를 수령할 수 있는 서비스,택배 주문 시 배송란에 여성안심택배함 주소 입력  → 택배가 도착하면 휴대폰 문자로 인증번호 수신 → 택배함으로 와서 인증번호 입력 후 택배 찾기 ※택배도착 후 48시간 까지만 무료이며 이후부터 하루당 1천원씩 요금 발생,주차장 입구 우측 (건물 부출입구),,,,,,,,,,,,,,,,,,여성안심택배함이란?,이용 방법,자세한 위치,,,,,,,,,,,,,,,,,,,1,4,#0000FF,,2018.6.28 10:14,2018.6.28 10:14
서울특별시 구로구 경인로15길 22 (오류동오류1동텃골공영주차장),서울특별시 구로구 오류동 6-11번지 오류1동텃골공영주차장,126.8392524,37.49536693,100180,wtb_2018_9,KOR,오류1동텃골공영주차장,,구로구,,,,,,1899-4708,여성1인가구 등을 위해 다세대주택 지역에 무인택배함을 설치하여 낯선 사람을 대면하지 않고 택배를 수령할 수 있는 서비스,택배 주문 시 배송란에 여성안심택배함 주소 입력  → 택배가 도착하면 휴대폰 문자로 인증번호 수신 → 택배함으로 와서 인증번호 입력 후 택배 찾기 ※택배도착 후 48시간 까지만 무료이며 이후부터 하루당 1천원씩 요금 발생,정문 우측,,,,,,,,,,,,,,,,,,여성안심택배함이란?,이용 방법,자세한 위치,,,,,,,,,,,,,,,,,,,1,4,#0000FF,,2018.6.28 10:14,2018.6.28 10:14
서울특별시 동작구 성대로2길 11,서울특별시 동작구 상도동 315-37,126.9314052,37.49912482,100180,wtb_20_01_118,KOR,상도3동 주민센터,,동작구,,,,,,1899-4708,여성1인가구 등을 위해 다세대주택 지역에 무인택배함을 설치하여 낯선 사람을 대면하지 않고 택배를 수령할 수 있는 서비스,택배 주문 시 배송란에 여성안심택배함 주소 입력  → 택배가 도착하면 휴대폰 문자로 인증번호 수신 → 택배함으로 와서 인증번호 입력 후 택배 찾기 ※택배도착 후 48시간 까지만 무료이며 이후부터 하루당 1천원씩 요금 발생,1층 현관 우측 벽면,,,,,,,,,,,,,,,,,,여성안심택배함이란?,이용 방법,자세한 위치,이용 시간,,,,,,,,,,,,,,,,,,1,4,#0000FF,,2018.6.28 10:14,2018.6.28 10:14
서울특별시 동작구 장승배기로10길 42,서울특별시 동작구 상도동 176-3,126.9410904,37.50444598,100180,wtb_20_02_119,KOR,동작문화 복지센터,,동작구,,,,,,1899-4708,여성1인가구 등을 위해 다세대주택 지역에 무인택배함을 설치하여 낯선 사람을 대면하지 않고 택배를 수령할 수 있는 서비스,택배 주문 시 배송란에 여성안심택배함 주소 입력  → 택배가 도착하면 휴대폰 문자로 인증번호 수신 → 택배함으로 와서 인증번호 입력 후 택배 찾기 ※택배도착 후 48시간 까지만 무료이며 이후부터 하루당 1천원씩 요금 발생,은행 옆문,,,,,,,,,,,,,,,,,,여성안심택배함이란?,이용 방법,자세한 위치,,,,,,,,,,,,,,,,,,,1,4,#0000FF,,2018.6.28 10:14,2018.6.28 10:14
서울특별시 동작구 남부순환로 2081,서울특별시 동작구 사당동 1044-42,126.9798536,37.47701787,100180,wtb_20_03_120,KOR,사당노인종합복지관,,동작구,,,,,,1899-4708,여성1인가구 등을 위해 다세대주택 지역에 무인택배함을 설치하여 낯선 사람을 대면하지 않고 택배를 수령할 수 있는 서비스,택배 주문 시 배송란에 여성안심택배함 주소 입력  → 택배가 도착하면 휴대폰 문자로 인증번호 수신 → 택배함으로 와서 인증번호 입력 후 택배 찾기 ※택배도착 후 48시간 까지만 무료이며 이후부터 하루당 1천원씩 요금 발생,은행 옆문,,,,,,,,,,,,,,,,,,여성안심택배함이란?,이용 방법,자세한 위치,,,,,,,,,,,,,,,,,,,1,4,#0000FF,,2018.6.28 10:14,2018.6.28 10:14
서울특별시 동작구 장승배기로 161,서울특별시 동작구 노량진동 47-2,126.9399439,37.51252922,100180,wtb_20_04_121,KOR,우리은행 동작구청지점,,동작구,,,,,,1899-4708,여성1인가구 등을 위해 다세대주택 지역에 무인택배함을 설치하여 낯선 사람을 대면하지 않고 택배를 수령할 수 있는 서비스,택배 주문 시 배송란에 여성안심택배함 주소 입력  → 택배가 도착하면 휴대폰 문자로 인증번호 수신 → 택배함으로 와서 인증번호 입력 후 택배 찾기 ※택배도착 후 48시간 까지만 무료이며 이후부터 하루당 1천원씩 요금 발생,입구 우측 전화박스 옆,,,,,,,,,,,,,,,,,,여성안심택배함이란?,이용 방법,자세한 위치,,,,,,,,,,,,,,,,,,,1,4,#0000FF,,2018.6.28 10:14,2018.6.28 10:14
서울특별시 동작구 장승배기로 161,동작구 노량진동 47-2,126.9397687,37.5119438,100180,wtb_20_05_122,KOR,우리은행 동작구청지점2,,동작구,,,,,,1899-4708,여성1인가구 등을 위해 다세대주택 지역에 무인택배함을 설치하여 낯선 사람을 대면하지 않고 택배를 수령할 수 있는 서비스,택배 주문 시 배송란에 여성안심택배함 주소 입력  → 택배가 도착하면 휴대폰 문자로 인증번호 수신 → 택배함으로 와서 인증번호 입력 후 택배 찾기 ※택배도착 후 48시간 까지만 무료이며 이후부터 하루당 1천원씩 요금 발생,입구 좌측,,,,,,,,,,,,,,,,,,여성안심택배함이란?,이용 방법,자세한 위치,,,,,,,,,,,,,,,,,,,1,2,#0000FF,,2018.6.28 10:14,2018.8.8 9:11
상도로15바길 5,동작구 상도동 4-4,126.9330662,37.50393441,100180,wtb_20_06_123,KOR,동작 청소년문화의 집,,동작구,,,,,,1899-4708,여성1인가구 등을 위해 다세대주택 지역에 무인택배함을 설치하여 낯선 사람을 대면하지 않고 택배를 수령할 수 있는 서비스,택배 주문 시 배송란에 여성안심택배함 주소 입력  → 택배가 도착하면 휴대폰 문자로 인증번호 수신 → 택배함으로 와서 인증번호 입력 후 택배 찾기 ※택배도착 후 48시간 까지만 무료이며 이후부터 하루당 1천원씩 요금 발생,1층입구 우측 공원연결로,,,,,,,,,,,,,,,,,,여성안심택배함이란?,이용 방법,자세한 위치,,,,,,,,,,,,,,,,,,,1,2,#0000FF,,2018.6.28 10:14,2018.8.8 13:12
서울특별시 동작구 만양로 76,서울특별시 동작구 노량진동 222-73,126.9450942,37.5103549,100180,wtb_20_07_124,KOR,강남교회 교육관,,동작구,,,,,,1899-4708,여성1인가구 등을 위해 다세대주택 지역에 무인택배함을 설치하여 낯선 사람을 대면하지 않고 택배를 수령할 수 있는 서비스,택배 주문 시 배송란에 여성안심택배함 주소 입력  → 택배가 도착하면 휴대폰 문자로 인증번호 수신 → 택배함으로 와서 인증번호 입력 후 택배 찾기 ※택배도착 후 48시간 까지만 무료이며 이후부터 하루당 1천원씩 요금 발생,교육관 입구 우측,,,,,,,,,,,,,,,,,,여성안심택배함이란?,이용 방법,자세한 위치,,,,,,,,,,,,,,,,,,,1,4,#0000FF,,2018.6.28 10:14,2018.6.28 10:14
서울특별시 동작구 국사봉8길 47,서울특별시 동작구 상도동 299-123,126.9307871,37.49471017,100180,wtb_20_08_125,KOR,예그리나주택,,동작구,,,,,,1899-4708,여성1인가구 등을 위해 다세대주택 지역에 무인택배함을 설치하여 낯선 사람을 대면하지 않고 택배를 수령할 수 있는 서비스,택배 주문 시 배송란에 여성안심택배함 주소 입력  → 택배가 도착하면 휴대폰 문자로 인증번호 수신 → 택배함으로 와서 인증번호 입력 후 택배 찾기 ※택배도착 후 48시간 까지만 무료이며 이후부터 하루당 1천원씩 요금 발생,입구 우측,,,,,,,,,,,,,,,,,,여성안심택배함이란?,이용 방법,자세한 위치,,,,,,,,,,,,,,,,,,,1,4,#0000FF,,2018.6.28 10:14,2018.6.28 10:14
서울특별시 동작구 상도로53길 9,서울특별시 동작구 상도동 437,126.9530967,37.49810647,100180,wtb_20_09_126,KOR,상도1동주민센터,,동작구,,,,,,1899-4708,여성1인가구 등을 위해 다세대주택 지역에 무인택배함을 설치하여 낯선 사람을 대면하지 않고 택배를 수령할 수 있는 서비스,택배 주문 시 배송란에 여성안심택배함 주소 입력  → 택배가 도착하면 휴대폰 문자로 인증번호 수신 → 택배함으로 와서 인증번호 입력 후 택배 찾기 ※택배도착 후 48시간 까지만 무료이며 이후부터 하루당 1천원씩 요금 발생,입구 우측 벽면,,,,,,,,,,,,,,,,,,여성안심택배함이란?,이용 방법,자세한 위치,,,,,,,,,,,,,,,,,,,1,4,#0000FF,,2018.6.28 10:14,2018.6.28 10:14
서울특별시 동작구 사당로8길 9,동작구 사당동 248-6,126.9696375,37.4847264,100180,wtb_20_10_127,KOR,사당문화회관,,동작구,,,,,,1899-4708,여성1인가구 등을 위해 다세대주택 지역에 무인택배함을 설치하여 낯선 사람을 대면하지 않고 택배를 수령할 수 있는 서비스,택배 주문 시 배송란에 여성안심택배함 주소 입력  → 택배가 도착하면 휴대폰 문자로 인증번호 수신 → 택배함으로 와서 인증번호 입력 후 택배 찾기 ※택배도착 후 48시간 까지만 무료이며 이후부터 하루당 1천원씩 요금 발생,입구 좌측  벽면,,,,,,,,,,,,,,,,,,여성안심택배함이란?,이용 방법,자세한 위치,,,,,,,,,,,,,,,,,,,1,2,#0000FF,,2018.6.28 10:14,2018.8.6 11:12
서울특별시 동작구 노량진로 169,동작구 노량진동 151-11,126.9448281,37.51410165,100180,wtb_20_11,KOR,순만빌딩,,동작구,,,,,,1899-4708,여성1인가구 등을 위해 다세대주택 지역에 무인택배함을 설치하여 낯선 사람을 대면하지 않고 택배를 수령할 수 있는 서비스,택배 주문 시 배송란에 여성안심택배함 주소 입력  → 택배가 도착하면 휴대폰 문자로 인증번호 수신 → 택배함으로 와서 인증번호 입력 후 택배 찾기 ※택배도착 후 48시간 까지만 무료이며 이후부터 하루당 1천원씩 요금 발생,건물 입구를 바라보며 우측면,,,,,,,,,,,,,,,,,,여성안심택배함이란?,이용 방법,자세한 위치,,,,,,,,,,,,,,,,,,,1,2,#0000FF,,2018.6.28 10:14,2018.8.7 15:29
서울특별시 관악구 행운1길 43,서울특별시 관악구 봉천동 1670-7,126.9570325,37.48064104,100180,wtb_21_01_128,KOR,행운동주민센터,,관악구,,,,,,1899-4708,여성1인가구 등을 위해 다세대주택 지역에 무인택배함을 설치하여 낯선 사람을 대면하지 않고 택배를 수령할 수 있는 서비스,택배 주문 시 배송란에 여성안심택배함 주소 입력  → 택배가 도착하면 휴대폰 문자로 인증번호 수신 → 택배함으로 와서 인증번호 입력 후 택배 찾기 ※택배도착 후 48시간 까지만 무료이며 이후부터 하루당 1천원씩 요금 발생,입구 우측 벽면,,,,,,,,,,,,,,,,,,여성안심택배함이란?,이용 방법,자세한 위치,,,,,,,,,,,,,,,,,,,1,4,#0000FF,,2018.6.28 10:14,2018.6.28 10:14
서울특별시 관악구 조원로 151-1,서울특별시 관악구 신림동 480-21,126.9191018,37.48595152,100180,wtb_21_02_129,KOR,신사동자치회관,,관악구,,,,,,1899-4708,여성1인가구 등을 위해 다세대주택 지역에 무인택배함을 설치하여 낯선 사람을 대면하지 않고 택배를 수령할 수 있는 서비스,택배 주문 시 배송란에 여성안심택배함 주소 입력  → 택배가 도착하면 휴대폰 문자로 인증번호 수신 → 택배함으로 와서 인증번호 입력 후 택배 찾기 ※택배도착 후 48시간 까지만 무료이며 이후부터 하루당 1천원씩 요금 발생,입구 우측 벽면,,,,,,,,,,,,,,,,,,여성안심택배함이란?,이용 방법,자세한 위치,,,,,,,,,,,,,,,,,,,1,4,#0000FF,,2018.6.28 10:14,2018.6.28 10:14
서울특별시 관악구 조원로12길 25,서울특별시 관악구 신림동 568-27,126.9077946,37.48256265,100180,wtb_21_03_130,KOR,조원동주민센터,,관악구,,,,,,1899-4708,여성1인가구 등을 위해 다세대주택 지역에 무인택배함을 설치하여 낯선 사람을 대면하지 않고 택배를 수령할 수 있는 서비스,택배 주문 시 배송란에 여성안심택배함 주소 입력  → 택배가 도착하면 휴대폰 문자로 인증번호 수신 → 택배함으로 와서 인증번호 입력 후 택배 찾기 ※택배도착 후 48시간 까지만 무료이며 이후부터 하루당 1천원씩 요금 발생,입구 우측 벽면,,,,,,,,,,,,,,,,,,여성안심택배함이란?,이용 방법,자세한 위치,,,,,,,,,,,,,,,,,,,1,4,#0000FF,,2018.6.28 10:14,2018.6.28 10:14
서울특별시 관악구 쑥고개로 44,서울특별시 관악구 봉천동 1539-1,126.9416394,37.47911714,100180,wtb_21_04_131,KOR,청룡동 주민센터,,관악구,,,,,,1899-4708,여성1인가구 등을 위해 다세대주택 지역에 무인택배함을 설치하여 낯선 사람을 대면하지 않고 택배를 수령할 수 있는 서비스,택배 주문 시 배송란에 여성안심택배함 주소 입력  → 택배가 도착하면 휴대폰 문자로 인증번호 수신 → 택배함으로 와서 인증번호 입력 후 택배 찾기 ※택배도착 후 48시간 까지만 무료이며 이후부터 하루당 1천원씩 요금 발생,입구 좌측 벽면,,,,,,,,,,,,,,,,,,여성안심택배함이란?,이용 방법,자세한 위치,,,,,,,,,,,,,,,,,,,1,4,#0000FF,,2018.6.28 10:14,2018.6.28 10:14
서울특별시 관악구 남현1가길 29,서울특별시 관악구 남현동 1086-1,126.9779821,37.47450552,100180,wtb_21_05_132,KOR,남현동 주민센터,,관악구,,,,,,1899-4708,여성1인가구 등을 위해 다세대주택 지역에 무인택배함을 설치하여 낯선 사람을 대면하지 않고 택배를 수령할 수 있는 서비스,택배 주문 시 배송란에 여성안심택배함 주소 입력  → 택배가 도착하면 휴대폰 문자로 인증번호 수신 → 택배함으로 와서 인증번호 입력 후 택배 찾기 ※택배도착 후 48시간 까지만 무료이며 이후부터 하루당 1천원씩 요금 발생,입구 좌측 벽면,,,,,,,,,,,,,,,,,,여성안심택배함이란?,이용 방법,자세한 위치,,,,,,,,,,,,,,,,,,,1,4,#0000FF,,2018.6.28 10:14,2018.6.28 10:14
서울특별시 관악구 대학길 48,서울특별시 관악구 신림동 818-20,126.9375326,37.4685792,100180,wtb_21_06_133,KOR,대학동치안센터,,관악구,,,,,,1899-4708,여성1인가구 등을 위해 다세대주택 지역에 무인택배함을 설치하여 낯선 사람을 대면하지 않고 택배를 수령할 수 있는 서비스,택배 주문 시 배송란에 여성안심택배함 주소 입력  → 택배가 도착하면 휴대폰 문자로 인증번호 수신 → 택배함으로 와서 인증번호 입력 후 택배 찾기 ※택배도착 후 48시간 까지만 무료이며 이후부터 하루당 1천원씩 요금 발생,입구 좌측 벽면,,,,,,,,,,,,,,,,,,여성안심택배함이란?,이용 방법,자세한 위치,,,,,,,,,,,,,,,,,,,1,4,#0000FF,,2018.6.28 10:14,2018.6.28 10:14
서울특별시 관악구 남부순환로246가길 20,서울특별시 관악구 봉천동 1635-40,126.9653379,37.4751213,100180,wtb_21_07_134,KOR,인헌동주민센터,,관악구,,,,,,1899-4708,여성1인가구 등을 위해 다세대주택 지역에 무인택배함을 설치하여 낯선 사람을 대면하지 않고 택배를 수령할 수 있는 서비스,택배 주문 시 배송란에 여성안심택배함 주소 입력  → 택배가 도착하면 휴대폰 문자로 인증번호 수신 → 택배함으로 와서 인증번호 입력 후 택배 찾기 ※택배도착 후 48시간 까지만 무료이며 이후부터 하루당 1천원씩 요금 발생,입구 좌측 벽면,,,,,,,,,,,,,,,,,,여성안심택배함이란?,이용 방법,자세한 위치,,,,,,,,,,,,,,,,,,,1,4,#0000FF,,2018.6.28 10:14,2018.6.28 10:14
서울특별시 관악구 신림로23길 17,서울특별시 관악구 신림동 1522,126.9352663,37.47017748,100180,wtb_21_08_135,KOR,관악청소년회관,,관악구,,,,,,1899-4708,여성1인가구 등을 위해 다세대주택 지역에 무인택배함을 설치하여 낯선 사람을 대면하지 않고 택배를 수령할 수 있는 서비스,택배 주문 시 배송란에 여성안심택배함 주소 입력  → 택배가 도착하면 휴대폰 문자로 인증번호 수신 → 택배함으로 와서 인증번호 입력 후 택배 찾기 ※택배도착 후 48시간 까지만 무료이며 이후부터 하루당 1천원씩 요금 발생,지하주차장 입구,,,,,,,,,,,,,,,,,,여성안심택배함이란?,이용 방법,자세한 위치,,,,,,,,,,,,,,,,,,,1,4,#0000FF,,2018.6.28 10:14,2018.6.28 10:14
서울특별시 관악구 신림로 282,서울특별시 관악구 신림동 1641-65,126.9313961,37.47977113,100180,wtb_21_10,KOR,서원동 주민센터,,관악구,,,,,,1899-4708,여성1인가구 등을 위해 다세대주택 지역에 무인택배함을 설치하여 낯선 사람을 대면하지 않고 택배를 수령할 수 있는 서비스,택배 주문 시 배송란에 여성안심택배함 주소 입력  → 택배가 도착하면 휴대폰 문자로 인증번호 수신 → 택배함으로 와서 인증번호 입력 후 택배 찾기 ※택배도착 후 48시간 까지만 무료이며 이후부터 하루당 1천원씩 요금 발생,주민센터 측면,,,,,,,,,,,,,,,,,,여성안심택배함이란?,이용 방법,자세한 위치,,,,,,,,,,,,,,,,,,,1,4,#0000FF,,2018.6.28 10:14,2018.6.28 10:14
서울특별시 서초구 언남10길 48,서울특별시 서초구 양재동 291-7,127.0455673,37.4722895,100180,wtb_22_01_136,KOR,서초꿈나무라이온스 보금자리,,서초구,,,,,,1899-4708,여성1인가구 등을 위해 다세대주택 지역에 무인택배함을 설치하여 낯선 사람을 대면하지 않고 택배를 수령할 수 있는 서비스,택배 주문 시 배송란에 여성안심택배함 주소 입력  → 택배가 도착하면 휴대폰 문자로 인증번호 수신 → 택배함으로 와서 인증번호 입력 후 택배 찾기 ※택배도착 후 48시간 까지만 무료이며 이후부터 하루당 1천원씩 요금 발생,주택 우측벽면,,,,,,,,,,,,,,,,,,여성안심택배함이란?,이용 방법,자세한 위치,,,,,,,,,,,,,,,,,,,1,4,#0000FF,,2018.6.28 10:14,2018.6.28 10:14
서울특별시 서초구 청두곶길 36,서울특별시 서초구 방배동 462-13,126.9855601,37.47977219,100180,wtb_22_02_137,KOR,방배2동 주민센터,,서초구,,,,,,1899-4708,여성1인가구 등을 위해 다세대주택 지역에 무인택배함을 설치하여 낯선 사람을 대면하지 않고 택배를 수령할 수 있는 서비스,택배 주문 시 배송란에 여성안심택배함 주소 입력  → 택배가 도착하면 휴대폰 문자로 인증번호 수신 → 택배함으로 와서 인증번호 입력 후 택배 찾기 ※택배도착 후 48시간 까지만 무료이며 이후부터 하루당 1천원씩 요금 발생,센터입구 우측외부 벽면,,,,,,,,,,,,,,,,,,여성안심택배함이란?,이용 방법,자세한 위치,,,,,,,,,,,,,,,,,,,1,4,#0000FF,,2018.6.28 10:14,2018.6.28 10:14
서울특별시 서초구 방배로27길 13,서울특별시 서초구 방배동 853-4,126.9913566,37.48961176,100180,wtb_22_03_138,KOR,방배열린문화센터,,서초구,,,,,,1899-4708,여성1인가구 등을 위해 다세대주택 지역에 무인택배함을 설치하여 낯선 사람을 대면하지 않고 택배를 수령할 수 있는 서비스,택배 주문 시 배송란에 여성안심택배함 주소 입력  → 택배가 도착하면 휴대폰 문자로 인증번호 수신 → 택배함으로 와서 인증번호 입력 후 택배 찾기 ※택배도착 후 48시간 까지만 무료이며 이후부터 하루당 1천원씩 요금 발생,입구 우측면 통행로,,,,,,,,,,,,,,,,,,여성안심택배함이란?,이용 방법,자세한 위치,,,,,,,,,,,,,,,,,,,1,4,#0000FF,,2018.6.28 10:14,2018.6.28 10:14
서울특별시 서초구 강남대로83길 55,서울특별시 서초구 반포동 741-3,127.0209727,37.50472911,100180,wtb_22_04_139,KOR,언구비 공영주차장,,서초구,,,,,,1899-4708,여성1인가구 등을 위해 다세대주택 지역에 무인택배함을 설치하여 낯선 사람을 대면하지 않고 택배를 수령할 수 있는 서비스,택배 주문 시 배송란에 여성안심택배함 주소 입력  → 택배가 도착하면 휴대폰 문자로 인증번호 수신 → 택배함으로 와서 인증번호 입력 후 택배 찾기 ※택배도착 후 48시간 까지만 무료이며 이후부터 하루당 1천원씩 요금 발생,차량게이트 우측 공간,,,,,,,,,,,,,,,,,,여성안심택배함이란?,이용 방법,자세한 위치,,,,,,,,,,,,,,,,,,,1,4,#0000FF,,2018.6.28 10:14,2018.6.28 10:14
서울특별시 서초구 강남대로12길 44,서울특별시 서초구 양재동 323-1,127.0412934,37.47066332,100180,wtb_22_05_140,KOR,양재2동주민센터,,서초구,,,,,,1899-4708,여성1인가구 등을 위해 다세대주택 지역에 무인택배함을 설치하여 낯선 사람을 대면하지 않고 택배를 수령할 수 있는 서비스,택배 주문 시 배송란에 여성안심택배함 주소 입력  → 택배가 도착하면 휴대폰 문자로 인증번호 수신 → 택배함으로 와서 인증번호 입력 후 택배 찾기 ※택배도착 후 48시간 까지만 무료이며 이후부터 하루당 1천원씩 요금 발생,정문 좌측 경비초소 옆,,,,,,,,,,,,,,,,,,여성안심택배함이란?,이용 방법,자세한 위치,,,,,,,,,,,,,,,,,,,1,4,#0000FF,,2018.6.28 10:14,2018.6.28 10:14
서울특별시 강남구 남부순환로378길 34-9,서울특별시 강남구 도곡동 459,127.0463748,37.48373561,100180,wtb_23_01_141,KOR,도곡2동주민센터,,강남구,,,,,,1899-4708,여성1인가구 등을 위해 다세대주택 지역에 무인택배함을 설치하여 낯선 사람을 대면하지 않고 택배를 수령할 수 있는 서비스,택배 주문 시 배송란에 여성안심택배함 주소 입력  → 택배가 도착하면 휴대폰 문자로 인증번호 수신 → 택배함으로 와서 인증번호 입력 후 택배 찾기 ※택배도착 후 48시간 까지만 무료이며 이후부터 하루당 1천원씩 요금 발생,입구 우측 벽면,,,,,,,,,,,,,,,,,,여성안심택배함이란?,이용 방법,자세한 위치,,,,,,,,,,,,,,,,,,,1,4,#0000FF,,2018.6.28 10:14,2018.6.28 10:14
서울특별시 강남구 도곡로77길 23,서울특별시 강남구 대치동 928-22,127.0578655,37.49972883,100180,wtb_23_02_142,KOR,대치4동 주민센터,,강남구,,,,,,1899-4708,여성1인가구 등을 위해 다세대주택 지역에 무인택배함을 설치하여 낯선 사람을 대면하지 않고 택배를 수령할 수 있는 서비스,택배 주문 시 배송란에 여성안심택배함 주소 입력  → 택배가 도착하면 휴대폰 문자로 인증번호 수신 → 택배함으로 와서 인증번호 입력 후 택배 찾기 ※택배도착 후 48시간 까지만 무료이며 이후부터 하루당 1천원씩 요금 발생,입구 우측 자판기 옆,,,,,,,,,,,,,,,,,,여성안심택배함이란?,이용 방법,자세한 위치,,,,,,,,,,,,,,,,,,,1,4,#0000FF,,2018.6.28 10:14,2018.6.28 10:14
서울특별시 강남구 학동로20길 25,서울특별시 강남구 논현동 133-13,127.0285364,37.51151007,100180,wtb_23_03_143,KOR,논현1동주민센터,,강남구,,,,,,1899-4708,여성1인가구 등을 위해 다세대주택 지역에 무인택배함을 설치하여 낯선 사람을 대면하지 않고 택배를 수령할 수 있는 서비스,택배 주문 시 배송란에 여성안심택배함 주소 입력  → 택배가 도착하면 휴대폰 문자로 인증번호 수신 → 택배함으로 와서 인증번호 입력 후 택배 찾기 ※택배도착 후 48시간 까지만 무료이며 이후부터 하루당 1천원씩 요금 발생,어린이집 옆,,,,,,,,,,,,,,,,,,여성안심택배함이란?,이용 방법,자세한 위치,,,,,,,,,,,,,,,,,,,1,4,#0000FF,,2018.6.28 10:14,2018.6.28 10:14
서울특별시 강남구 도곡로18길 57,서울특별시 강남구 도곡동 892-6,127.0388736,37.48829669,100180,wtb_23_05,KOR,도곡1동 주민센터,,강남구,,,,,,1899-4708,여성1인가구 등을 위해 다세대주택 지역에 무인택배함을 설치하여 낯선 사람을 대면하지 않고 택배를 수령할 수 있는 서비스,택배 주문 시 배송란에 여성안심택배함 주소 입력  → 택배가 도착하면 휴대폰 문자로 인증번호 수신 → 택배함으로 와서 인증번호 입력 후 택배 찾기 ※택배도착 후 48시간 까지만 무료이며 이후부터 하루당 1천원씩 요금 발생,주민센터 입구,,,,,,,,,,,,,,,,,,여성안심택배함이란?,이용 방법,자세한 위치,,,,,,,,,,,,,,,,,,,1,4,#0000FF,,2018.6.28 10:14,2018.6.28 10:14
서울특별시 강남구 영동대로65길 24,서울특별시 강남구 대치동 980-9,127.0641903,37.50229882,100180,wtb_23_06,KOR,대치2동 주민센터,,강남구,,,,,,1899-4708,여성1인가구 등을 위해 다세대주택 지역에 무인택배함을 설치하여 낯선 사람을 대면하지 않고 택배를 수령할 수 있는 서비스,택배 주문 시 배송란에 여성안심택배함 주소 입력  → 택배가 도착하면 휴대폰 문자로 인증번호 수신 → 택배함으로 와서 인증번호 입력 후 택배 찾기 ※택배도착 후 48시간 까지만 무료이며 이후부터 하루당 1천원씩 요금 발생,주민센터 입구,,,,,,,,,,,,,,,,,,여성안심택배함이란?,이용 방법,자세한 위치,,,,,,,,,,,,,,,,,,,1,4,#0000FF,,2018.6.28 10:14,2018.6.28 10:14
서울특별시 송파구 오금로53길 32,서울특별시 송파구 거여동 136-16,127.1432697,37.49698915,100180,wtb_24_01_145,KOR,거여1동주민센터,,송파구,,,,,,1899-4708,여성1인가구 등을 위해 다세대주택 지역에 무인택배함을 설치하여 낯선 사람을 대면하지 않고 택배를 수령할 수 있는 서비스,택배 주문 시 배송란에 여성안심택배함 주소 입력  → 택배가 도착하면 휴대폰 문자로 인증번호 수신 → 택배함으로 와서 인증번호 입력 후 택배 찾기 ※택배도착 후 48시간 까지만 무료이며 이후부터 하루당 1천원씩 요금 발생,입구 우측,평일9~21시 토요일10~17시 공휴일 휴무,,,,,,,,,,,,,,,,,여성안심택배함이란?,이용 방법,자세한 위치,이용 시간,,,,,,,,,,,,,,,,,,1,4,#0000FF,,2018.6.28 10:14,2018.6.28 10:14
백제고분로42길 5,송파구 송파동 113-2,127.1098394,37.50570349,100180,wtb_24_02_146,KOR,송파여성 문화회관,,송파구,,,,,,1899-4708,여성1인가구 등을 위해 다세대주택 지역에 무인택배함을 설치하여 낯선 사람을 대면하지 않고 택배를 수령할 수 있는 서비스,택배 주문 시 배송란에 여성안심택배함 주소 입력  → 택배가 도착하면 휴대폰 문자로 인증번호 수신 → 택배함으로 와서 인증번호 입력 후 택배 찾기 ※택배도착 후 48시간 까지만 무료이며 이후부터 하루당 1천원씩 요금 발생,지하주차장 진입로 옆 건물 입구 우측,,,,,,,,,,,,,,,,,,여성안심택배함이란?,이용 방법,자세한 위치,,,,,,,,,,,,,,,,,,,1,2,#0000FF,,2018.6.28 10:14,2018.8.6 11:46
서울특별시 송파구 백제고분로42길 5,서울특별시 송파구 송파동 113-2,127.1097327,37.5059306,100180,wtb_24_03_147,KOR,송파여성 문화회관2,,송파구,,,,,,1899-4708,여성1인가구 등을 위해 다세대주택 지역에 무인택배함을 설치하여 낯선 사람을 대면하지 않고 택배를 수령할 수 있는 서비스,택배 주문 시 배송란에 여성안심택배함 주소 입력  → 택배가 도착하면 휴대폰 문자로 인증번호 수신 → 택배함으로 와서 인증번호 입력 후 택배 찾기 ※택배도착 후 48시간 까지만 무료이며 이후부터 하루당 1천원씩 요금 발생,주민센터 안쪽 우측벽,,,,,,,,,,,,,,,,,,여성안심택배함이란?,이용 방법,자세한 위치,,,,,,,,,,,,,,,,,,,1,4,#0000FF,,2018.6.28 10:14,2018.6.28 10:14
서울특별시 송파구 마천로 17,서울특별시 송파구 방이동 209-1,127.1229676,37.51010903,100180,wtb_24_04_148,KOR,여의도 순복음송파교회,,송파구,,,,,,1899-4708,여성1인가구 등을 위해 다세대주택 지역에 무인택배함을 설치하여 낯선 사람을 대면하지 않고 택배를 수령할 수 있는 서비스,택배 주문 시 배송란에 여성안심택배함 주소 입력  → 택배가 도착하면 휴대폰 문자로 인증번호 수신 → 택배함으로 와서 인증번호 입력 후 택배 찾기 ※택배도착 후 48시간 까지만 무료이며 이후부터 하루당 1천원씩 요금 발생,입구 좌측통로 자판기 옆,,,,,,,,,,,,,,,,,,여성안심택배함이란?,이용 방법,자세한 위치,,,,,,,,,,,,,,,,,,,1,4,#0000FF,,2018.6.28 10:14,2018.6.28 10:14
서울특별시 송파구 백제고분로32길 41,서울특별시 송파구 삼전동 172-2,127.0948941,37.49866693,100180,wtb_24_05_149,KOR,송파노인종합복지관,,송파구,,,,,,1899-4708,여성1인가구 등을 위해 다세대주택 지역에 무인택배함을 설치하여 낯선 사람을 대면하지 않고 택배를 수령할 수 있는 서비스,택배 주문 시 배송란에 여성안심택배함 주소 입력  → 택배가 도착하면 휴대폰 문자로 인증번호 수신 → 택배함으로 와서 인증번호 입력 후 택배 찾기 ※택배도착 후 48시간 까지만 무료이며 이후부터 하루당 1천원씩 요금 발생,입구 우측 벽면,,,,,,,,,,,,,,,,,,여성안심택배함이란?,이용 방법,자세한 위치,,,,,,,,,,,,,,,,,,,1,4,#0000FF,,2018.6.28 10:14,2018.6.28 10:14
서울특별시 송파구 백제고분로37길 16,서울특별시 송파구 석촌동 265,127.1036527,37.5035898,100180,wtb_24_06_150,KOR,석촌동주민센터,,송파구,,,,,,1899-4708,여성1인가구 등을 위해 다세대주택 지역에 무인택배함을 설치하여 낯선 사람을 대면하지 않고 택배를 수령할 수 있는 서비스,택배 주문 시 배송란에 여성안심택배함 주소 입력  → 택배가 도착하면 휴대폰 문자로 인증번호 수신 → 택배함으로 와서 인증번호 입력 후 택배 찾기 ※택배도착 후 48시간 까지만 무료이며 이후부터 하루당 1천원씩 요금 발생,입구 우측,,,,,,,,,,,,,,,,,,여성안심택배함이란?,이용 방법,자세한 위치,,,,,,,,,,,,,,,,,,,1,4,#0000FF,,2018.6.28 10:14,2018.6.28 10:14
서울특별시 송파구 마천로 287,서울특별시 송파구 마천동 127-1,127.1485822,37.49694042,100180,wtb_24_07_151,KOR,마천2동주민센터,,송파구,,,,,,1899-4708,여성1인가구 등을 위해 다세대주택 지역에 무인택배함을 설치하여 낯선 사람을 대면하지 않고 택배를 수령할 수 있는 서비스,택배 주문 시 배송란에 여성안심택배함 주소 입력  → 택배가 도착하면 휴대폰 문자로 인증번호 수신 → 택배함으로 와서 인증번호 입력 후 택배 찾기 ※택배도착 후 48시간 까지만 무료이며 이후부터 하루당 1천원씩 요금 발생,건물 후면,,,,,,,,,,,,,,,,,,여성안심택배함이란?,이용 방법,자세한 위치,,,,,,,,,,,,,,,,,,,1,4,#0000FF,,2018.6.28 10:14,2018.6.28 10:14
서울특별시 송파구 거마로2길 19,서울특별시 송파구 거여동 195-1,127.1468657,37.49355643,100180,wtb_24_08_152,KOR,거여2동주민센터,,송파구,,,,,,1899-4708,여성1인가구 등을 위해 다세대주택 지역에 무인택배함을 설치하여 낯선 사람을 대면하지 않고 택배를 수령할 수 있는 서비스,택배 주문 시 배송란에 여성안심택배함 주소 입력  → 택배가 도착하면 휴대폰 문자로 인증번호 수신 → 택배함으로 와서 인증번호 입력 후 택배 찾기 ※택배도착 후 48시간 까지만 무료이며 이후부터 하루당 1천원씩 요금 발생,입구 우측 벽면,,,,,,,,,,,,,,,,,,여성안심택배함이란?,이용 방법,자세한 위치,,,,,,,,,,,,,,,,,,,1,4,#0000FF,,2018.6.28 10:14,2018.6.28 10:14
서울특별시 송파구 새말로19길 6,서울특별시 송파구 문정동 114-4,127.1324249,37.48695437,100180,wtb_24_09,KOR,장지동 주민센터,,송파구,,,,,,1899-4708,여성1인가구 등을 위해 다세대주택 지역에 무인택배함을 설치하여 낯선 사람을 대면하지 않고 택배를 수령할 수 있는 서비스,택배 주문 시 배송란에 여성안심택배함 주소 입력  → 택배가 도착하면 휴대폰 문자로 인증번호 수신 → 택배함으로 와서 인증번호 입력 후 택배 찾기 ※택배도착 후 48시간 까지만 무료이며 이후부터 하루당 1천원씩 요금 발생,주민센터 입구,,,,,,,,,,,,,,,,,,여성안심택배함이란?,이용 방법,자세한 위치,,,,,,,,,,,,,,,,,,,1,,#0000FF,,2018.6.28 10:14,2018.6.28 16:37
서울특별시 강동구 고덕로20길 42,서울특별시 강동구 암사동 471-37,127.1333679,37.55283401,100180,wtb_25_01_153,KOR,강동구립암사도서관,,강동구,,,,,,1899-4708,여성1인가구 등을 위해 다세대주택 지역에 무인택배함을 설치하여 낯선 사람을 대면하지 않고 택배를 수령할 수 있는 서비스,택배 주문 시 배송란에 여성안심택배함 주소 입력  → 택배가 도착하면 휴대폰 문자로 인증번호 수신 → 택배함으로 와서 인증번호 입력 후 택배 찾기 ※택배도착 후 48시간 까지만 무료이며 이후부터 하루당 1천원씩 요금 발생,입구 우측 유리벽,,,,,,,,,,,,,,,,,,여성안심택배함이란?,이용 방법,자세한 위치,,,,,,,,,,,,,,,,,,,1,4,#0000FF,,2018.6.28 10:14,2018.6.28 10:14
서울특별시 강동구 구천면로 395,서울특별시 강동구 명일동 312-250,127.1428705,37.55095243,100180,wtb_25_02_154,KOR,강동평생학습센터,,강동구,,,,,,1899-4708,여성1인가구 등을 위해 다세대주택 지역에 무인택배함을 설치하여 낯선 사람을 대면하지 않고 택배를 수령할 수 있는 서비스,택배 주문 시 배송란에 여성안심택배함 주소 입력  → 택배가 도착하면 휴대폰 문자로 인증번호 수신 → 택배함으로 와서 인증번호 입력 후 택배 찾기 ※택배도착 후 48시간 까지만 무료이며 이후부터 하루당 1천원씩 요금 발생,입구 좌측,,,,,,,,,,,,,,,,,,여성안심택배함이란?,이용 방법,자세한 위치,,,,,,,,,,,,,,,,,,,1,4,#0000FF,,2018.6.28 10:14,2018.6.28 10:14
서울특별시 강동구 양재대로138길 41,서울특별시 강동구 명일동 327-6,127.146245,37.54976258,100180,wtb_25_03_155,KOR,강동구 청소년회관,,강동구,,,,,,1899-4708,여성1인가구 등을 위해 다세대주택 지역에 무인택배함을 설치하여 낯선 사람을 대면하지 않고 택배를 수령할 수 있는 서비스,택배 주문 시 배송란에 여성안심택배함 주소 입력  → 택배가 도착하면 휴대폰 문자로 인증번호 수신 → 택배함으로 와서 인증번호 입력 후 택배 찾기 ※택배도착 후 48시간 까지만 무료이며 이후부터 하루당 1천원씩 요금 발생,입구 좌측,,,,,,,,,,,,,,,,,,여성안심택배함이란?,이용 방법,자세한 위치,,,,,,,,,,,,,,,,,,,1,4,#0000FF,,2018.6.28 10:14,2018.6.28 10:14
서울특별시 강동구 상암로 168,서울특별시 강동구 천호동 41,127.141222,37.54573223,100180,wtb_25_04_156,KOR,강동구민회관,,강동구,,,,,,1899-4708,여성1인가구 등을 위해 다세대주택 지역에 무인택배함을 설치하여 낯선 사람을 대면하지 않고 택배를 수령할 수 있는 서비스,택배 주문 시 배송란에 여성안심택배함 주소 입력  → 택배가 도착하면 휴대폰 문자로 인증번호 수신 → 택배함으로 와서 인증번호 입력 후 택배 찾기 ※택배도착 후 48시간 까지만 무료이며 이후부터 하루당 1천원씩 요금 발생,정문입구 왼편,,,,,,,,,,,,,,,,,,여성안심택배함이란?,이용 방법,자세한 위치,,,,,,,,,,,,,,,,,,,1,4,#0000FF,,2018.6.28 10:14,2018.6.28 10:14
서울특별시 강동구 상암로3길 28,서울특별시 강동구 암사동 503-8,127.127271,37.55170519,100180,wtb_25_05_157,KOR,암사2동 주민센터,,강동구,,,,,,1899-4708,여성1인가구 등을 위해 다세대주택 지역에 무인택배함을 설치하여 낯선 사람을 대면하지 않고 택배를 수령할 수 있는 서비스,택배 주문 시 배송란에 여성안심택배함 주소 입력  → 택배가 도착하면 휴대폰 문자로 인증번호 수신 → 택배함으로 와서 인증번호 입력 후 택배 찾기 ※택배도착 후 48시간 까지만 무료이며 이후부터 하루당 1천원씩 요금 발생,정문입구 왼편,,,,,,,,,,,,,,,,,,여성안심택배함이란?,이용 방법,자세한 위치,,,,,,,,,,,,,,,,,,,1,4,#0000FF,,2018.6.28 10:14,2018.6.28 10:14
서울특별시 강동구 성내로 13,서울특별시 강동구 성내동 539-1,127.122458,37.53047943,100180,wtb_25_06_158,KOR,성내1동 주민센터,,강동구,,,,,,1899-4708,여성1인가구 등을 위해 다세대주택 지역에 무인택배함을 설치하여 낯선 사람을 대면하지 않고 택배를 수령할 수 있는 서비스,택배 주문 시 배송란에 여성안심택배함 주소 입력  → 택배가 도착하면 휴대폰 문자로 인증번호 수신 → 택배함으로 와서 인증번호 입력 후 택배 찾기 ※택배도착 후 48시간 까지만 무료이며 이후부터 하루당 1천원씩 요금 발생,정문입구 왼편,,,,,,,,,,,,,,,,,,여성안심택배함이란?,이용 방법,자세한 위치,,,,,,,,,,,,,,,,,,,1,4,#0000FF,,2018.6.28 10:14,2018.6.28 10:14
서울특별시 강동구 천호대로187길 6,서울특별시 강동구 길동 228-6,127.1425851,37.53469376,100180,wtb_25_07_159,KOR,길동자치회관,,강동구,,,,,,1899-4708,여성1인가구 등을 위해 다세대주택 지역에 무인택배함을 설치하여 낯선 사람을 대면하지 않고 택배를 수령할 수 있는 서비스,택배 주문 시 배송란에 여성안심택배함 주소 입력  → 택배가 도착하면 휴대폰 문자로 인증번호 수신 → 택배함으로 와서 인증번호 입력 후 택배 찾기 ※택배도착 후 48시간 까지만 무료이며 이후부터 하루당 1천원씩 요금 발생,건물 후면 주차장,,,,,,,,,,,,,,,,,,여성안심택배함이란?,이용 방법,자세한 위치,,,,,,,,,,,,,,,,,,,1,4,#0000FF,,2018.6.28 10:14,2018.6.28 10:14
구천면로 189,강동구 천호동 563,127.1262796,37.5411227,100180,wtb_25_08_160,KOR,2001아울렛천호점,,강동구,,,,,,1899-4708,여성1인가구 등을 위해 다세대주택 지역에 무인택배함을 설치하여 낯선 사람을 대면하지 않고 택배를 수령할 수 있는 서비스,택배 주문 시 배송란에 여성안심택배함 주소 입력  → 택배가 도착하면 휴대폰 문자로 인증번호 수신 → 택배함으로 와서 인증번호 입력 후 택배 찾기 ※택배도착 후 48시간 까지만 무료이며 이후부터 하루당 1천원씩 요금 발생,건물 입구를 바라본 상태에서 우측 코너로 돌아 약 20m 앞,,,,,,,,,,,,,,,,,,여성안심택배함이란?,이용 방법,자세한 위치,,,,,,,,,,,,,,,,,,,1,2,#0000FF,,2018.6.28 10:14,2018.8.6 14:29
서울특별시 강동구 강동대로55길 87,서울특별시 강동구 성내동 430-2,127.1337239,37.5262595,100180,wtb_25_09,KOR,중흥교회,,강동구,,,,,,1899-4708,여성1인가구 등을 위해 다세대주택 지역에 무인택배함을 설치하여 낯선 사람을 대면하지 않고 택배를 수령할 수 있는 서비스,택배 주문 시 배송란에 여성안심택배함 주소 입력  → 택배가 도착하면 휴대폰 문자로 인증번호 수신 → 택배함으로 와서 인증번호 입력 후 택배 찾기 ※택배도착 후 48시간 까지만 무료이며 이후부터 하루당 1천원씩 요금 발생,건물 입구,,,,,,,,,,,,,,,,,,여성안심택배함이란?,이용 방법,자세한 위치,,,,,,,,,,,,,,,,,,,1,4,#0000FF,,2018.6.28 10:14,2018.6.28 10:14